Unnamed: 0,1_서경대본관,2_서경대정문.대일외고,3_서경로꿈마루도서관앞,4_길원초등학교입구,5_길음뉴타운11단지롯데캐슬,6_길음뉴타운8단지,7_정릉동아.길음뉴타운데시앙아파트,8_숭덕초교,9_숭덕초교,10_정릉길음시장,11_길음시장,12_길음역,13_성북우체국현대백화점,14_숭곡초교입구,15_숭곡초교후문,16_월곡아남아파트,17_월곡동신아파트,18_KT월곡지사,19_돈암1동주민센터,20_길음역,21_길음뉴타운10단지.라온유아파트,22_숭덕초교,23_길음뉴타운데시앙.정릉동아아파트,24_길음뉴타운8단지,25_길음뉴타운11단지롯데캐슬,26_길원초등학교입구,27_서경로꿈마루도서관앞,28_대일외고서경대정문,29_서경대본관
2022-03-05 04:00:00,0,0,0,0,0,0,0,0,0,0,0,0,0,0,0,0,0,0,0,0,0,0,0,0,0,0,0,0,0
2022-03-05 05:00:00,1,1,4,5,3,6,8,7,6,8,5,4,3,2,2,2,2,3,4,4,3,0,2,0,1,0,0,0,0
2022-03-05 06:00:00,1,1,3,3,4,6,9,6,6,4,5,4,3,2,1,1,3,5,5,5,5,7,4,1,2,3,1,0,0
2022-03-05 07:00:00,2,3,4,6,11,9,12,13,10,10,7,3,4,5,1,3,4,7,4,6,4,5,2,4,0,3,0,0,0
2022-03-05 08:00:00,4,5,8,8,13,20,21,19,14,13,7,6,5,5,4,3,3,6,4,5,6,7,5,4,3,2,1,2,0
2022-03-05 09:00:00,1,3,6,9,13,16,22,23,19,20,11,10,6,8,6,7,6,8,7,18,18,19,17,14,13,11,10,3,0
2022-03-05 10:00:00,3,3,9,12,23,28,32,30,23,26,7,8,5,5,4,6,6,10,8,9,9,9,7,5,6,5,2,2,0
2022-03-05 11:00:00,4,3,9,15,19,24,26,24,22,21,13,13,8,6,6,10,9,14,10,14,17,17,16,13,12,7,4,0,0
2022-03-05 12:00:00,3,3,6,12,14,21,23,20,23,21,14,11,7,6,5,7,7,11,11,19,24,27,20,16,16,10,5,0,0
2022-03-05 13:00:00,3,3,5,9,10,15,19,20,15,16,8,7,8,8,8,6,9,12,9,17,19,21,18,17,12,8,6,0,0
2022-03-05 14:00:00,4,4,5,10,11,15,18,16,16,15,8,10,7,7,7,9,6,8,7,16,16,22,15,13,11,9,8,2,0
2022-03-05 15:00:00,5,7,11,13,11,14,19,18,16,16,10,12,9,10,9,7,8,14,13,21,19,22,17,16,10,7,5,4,0
2022-03-05 16:00:00,8,6,10,14,18,18,21,18,15,16,10,10,8,9,12,10,10,11,10,24,24,25,21,21,12,7,6,5,0
2022-03-05 17:00:00,8,5,9,11,20,22,23,14,15,19,10,9,9,10,9,7,10,13,13,29,23,30,26,21,17,11,7,5,0
2022-03-05 18:00:00,7,8,9,11,6,8,12,13,15,10,13,13,11,10,9,6,7,11,12,31,31,35,31,23,21,14,9,7,0
2022-03-05 19:00:00,1,4,5,7,8,8,8,5,8,10,8,9,10,12,6,10,9,5,8,22,21,23,18,15,13,8,5,4,0
2022-03-05 20:00:00,1,0,1,3,4,1,2,0,3,2,5,3,4,5,3,5,5,6,5,24,22,22,18,15,13,10,6,1,0
2022-03-05 21:00:00,1,2,1,3,3,2,5,2,2,3,8,5,4,3,2,2,3,4,5,15,18,19,17,14,11,7,6,4,0
2022-03-05 22:00:00,1,2,3,2,4,5,6,2,4,5,3,5,4,3,1,3,0,3,10,20,20,22,21,17,15,9,5,3,0
2022-03-05 23:00:00,1,0,1,2,1,0,3,1,3,2,5,4,3,4,3,2,6,8,7,24,27,27,22,19,15,7,2,1,0
2022-03-06 00:00:00,0,0,0,0,0,0,0,0,0,0,0,0,0,0,0,0,0,0,0,0,0,0,0,0,0,0,0,0,0
2022-03-06 01:00:00,0,0,0,0,0,0,0,0,0,0,0,0,0,0,0,0,0,0,0,0,0,0,0,0,0,0,0,0,0
2022-03-06 02:00:00,0,0,0,0,0,0,0,0,0,0,0,0,0,0,0,0,0,0,0,0,0,0,0,0,0,0,0,0,0
2022-03-06 03:00:00,0,0,0,0,0,0,0,0,0,0,0,0,0,0,0,0,0,0,0,0,0,0,0,0,0,0,0,0,0
2022-03-06 04:00:00,1,0,0,0,0,0,0,0,0,0,0,0,0,0,0,0,0,0,0,0,0,0,0,0,0,0,0,0,0
2022-03-06 05:00:00,1,1,2,2,0,3,5,3,4,4,3,2,3,1,0,1,2,1,2,4,0,3,2,0,0,1,0,0,0
2022-03-06 06:00:00,1,2,3,2,3,4,6,6,4,4,3,2,2,2,1,1,1,1,2,2,2,3,2,1,0,1,0,0,0
2022-03-06 07:00:00,1,2,3,4,3,6,7,3,5,6,4,1,3,3,1,2,2,4,3,4,2,1,1,1,1,1,0,0,0
2022-03-06 08:00:00,2,3,5,9,12,17,18,17,11,13,5,4,2,3,3,3,4,6,4,4,5,4,6,4,3,2,2,0,0
2022-03-06 09:00:00,2,3,7,7,9,13,17,19,16,15,8,13,5,4,2,5,3,7,6,4,5,4,0,3,0,1,2,0,0
2022-03-06 10:00:00,3,6,10,14,17,18,19,16,18,15,8,6,5,7,4,5,6,7,6,9,10,11,9,8,7,6,3,0,1
2022-03-06 11:00:00,2,1,5,7,12,14,17,14,13,13,9,4,8,5,4,5,7,8,7,11,6,15,14,12,8,5,4,2,0
2022-03-06 12:00:00,4,4,10,12,16,22,29,26,22,22,11,10,6,5,8,9,13,7,11,13,14,16,15,15,11,11,8,3,0
2022-03-06 13:00:00,3,5,6,10,11,13,15,16,13,15,11,10,5,5,4,3,5,7,6,12,14,16,13,11,6,4,6,2,0
2022-03-06 14:00:00,4,6,10,10,6,12,15,11,15,12,9,8,8,6,7,6,9,11,8,13,14,17,13,10,5,3,2,0,0
2022-03-06 15:00:00,2,2,4,6,7,9,12,11,14,14,10,9,7,10,8,5,6,7,5,13,14,20,17,9,15,9,7,4,0
2022-03-06 16:00:00,8,3,10,12,12,13,16,12,11,10,5,3,7,5,5,5,6,9,8,17,18,23,20,18,17,10,8,0,0
2022-03-06 17:00:00,4,2,3,8,11,15,10,4,11,10,8,6,5,8,8,8,9,12,10,25,26,24,22,20,18,8,6,3,0
2022-03-06 18:00:00,5,10,12,13,15,7,14,16,11,12,7,6,8,9,9,10,9,12,13,22,23,30,26,23,19,14,11,7,0
2022-03-06 19:00:00,4,0,5,7,8,11,10,7,6,8,4,6,8,13,15,13,11,12,4,24,23,27,24,23,18,13,7,2,0
2022-03-06 20:00:00,3,8,10,11,9,10,2,9,5,8,4,4,3,3,3,2,4,5,4,18,16,20,18,17,13,8,6,3,0
2022-03-06 21:00:00,1,7,1,9,11,1,8,4,2,2,4,5,6,6,5,3,5,7,2,20,21,24,21,19,17,9,8,2,0
2022-03-06 22:00:00,0,2,2,3,3,4,3,3,4,5,4,5,4,7,4,3,2,4,5,17,17,20,19,18,16,7,5,4,0
2022-03-06 23:00:00,1,7,0,8,9,0,2,5,4,1,3,3,0,3,2,1,3,4,3,10,10,14,13,10,7,4,2,0,0
2022-03-07 00:00:00,0,0,0,0,0,0,0,0,0,0,0,0,0,0,0,0,0,0,0,0,0,0,0,0,0,0,0,0,0
2022-03-07 01:00:00,0,0,0,0,0,0,0,0,0,0,0,0,0,0,0,0,0,0,0,0,0,0,0,0,0,0,0,0,0
2022-03-07 02:00:00,0,0,0,0,0,0,0,0,0,0,0,0,0,0,0,0,0,0,0,0,0,0,0,0,0,0,0,0,0
2022-03-07 03:00:00,0,0,0,0,0,0,0,0,0,0,0,0,0,0,0,0,0,0,0,0,0,0,0,0,0,0,0,0,0
2022-03-07 04:00:00,0,0,0,0,0,0,0,0,0,0,0,0,0,0,0,0,0,0,0,0,0,0,0,0,0,0,0,0,0
2022-03-07 05:00:00,1,1,4,5,4,7,8,4,6,7,3,2,1,1,1,0,3,4,3,4,2,0,1,0,1,0,0,0,0
2022-03-07 06:00:00,1,2,5,11,13,17,23,20,16,15,4,6,5,6,5,5,5,4,3,5,4,7,6,5,0,4,2,0,0
2022-03-07 07:00:00,2,3,8,13,21,28,40,41,26,26,7,7,5,4,3,5,6,11,10,15,11,19,18,11,18,16,9,15,0
2022-03-07 08:00:00,3,7,11,19,22,24,37,34,39,35,13,17,15,16,14,13,16,22,20,36,33,33,19,30,29,25,24,22,0
2022-03-07 09:00:00,3,2,8,11,13,19,24,22,20,18,10,13,8,8,7,8,8,14,18,47,49,50,49,43,46,44,43,40,0
2022-03-07 10:00:00,16,8,8,10,12,16,17,17,15,15,6,8,6,7,6,6,6,6,5,25,19,26,19,25,22,17,24,22,0
2022-03-07 11:00:00,13,15,18,19,21,23,32,28,22,23,10,6,4,5,5,8,7,8,13,48,48,52,50,25,49,50,45,42,0
2022-03-07 12:00:00,13,10,14,19,21,16,23,22,21,22,13,11,7,6,4,5,6,7,7,21,22,27,22,19,18,17,17,13,0
2022-03-07 13:00:00,14,17,19,18,21,20,24,21,21,21,9,9,6,9,7,6,8,9,9,38,39,40,37,27,32,29,27,24,0
2022-03-07 14:00:00,21,16,20,17,21,23,30,18,22,16,15,8,8,9,4,8,11,12,11,41,42,39,38,36,36,33,32,30,0
2022-03-07 15:00:00,28,32,35,38,40,32,41,33,32,31,22,9,9,6,9,7,9,9,9,20,25,29,25,18,13,11,9,20,2
2022-03-07 16:00:00,28,29,30,32,33,35,35,35,33,34,19,11,12,16,16,14,16,15,14,39,43,46,38,32,28,18,15,5,0
2022-03-07 17:00:00,26,25,27,33,37,39,43,37,36,34,12,7,8,13,13,11,13,14,14,38,36,37,32,25,18,12,9,8,1
2022-03-07 18:00:00,22,23,23,30,31,32,34,29,31,30,19,11,11,11,7,10,12,14,14,42,42,42,34,33,26,16,11,8,0
2022-03-07 19:00:00,7,4,5,13,15,10,16,16,15,17,9,10,12,12,9,8,7,12,11,46,47,46,35,26,21,11,9,7,0
2022-03-07 20:00:00,3,3,4,6,8,9,6,3,8,7,5,6,6,7,6,5,4,6,6,23,24,21,16,19,15,10,5,3,0
2022-03-07 21:00:00,5,1,2,6,6,8,5,7,8,7,4,6,5,5,4,3,4,7,8,19,20,31,21,21,17,5,4,2,0
2022-03-07 22:00:00,20,24,25,24,23,22,15,20,18,18,8,10,10,9,7,6,3,6,4,21,22,23,19,16,12,8,5,2,0
2022-03-07 23:00:00,1,1,2,2,2,1,2,1,1,4,4,3,3,4,4,4,5,6,5,19,15,19,16,16,13,6,6,3,0
2022-03-08 00:00:00,0,0,0,0,0,0,0,0,0,0,0,0,0,0,0,0,0,0,0,0,0,0,0,0,0,0,0,0,0
2022-03-08 01:00:00,0,0,0,0,0,0,0,0,0,0,0,0,0,0,0,0,0,0,0,0,0,0,0,0,0,0,0,0,0
2022-03-08 02:00:00,0,0,0,0,0,0,0,0,0,0,0,0,0,0,0,0,0,0,0,0,0,0,0,0,0,0,0,0,0
2022-03-08 03:00:00,0,0,0,0,0,0,0,0,0,0,0,0,0,0,0,0,0,0,0,0,0,0,0,0,0,0,0,0,0
2022-03-08 04:00:00,0,0,0,0,0,0,0,0,0,0,0,0,0,0,0,0,0,0,0,0,0,0,0,0,0,0,0,0,0
2022-03-08 05:00:00,1,1,3,3,4,5,8,1,3,5,2,1,2,0,1,2,1,3,4,6,5,4,2,0,1,1,0,0,0
2022-03-08 06:00:00,3,2,6,8,9,13,16,15,15,13,4,1,2,4,3,3,3,6,5,5,2,5,1,2,0,1,2,0,0
2022-03-08 07:00:00,2,3,7,13,20,27,38,34,33,35,32,9,10,6,4,6,9,11,8,14,10,17,10,11,12,11,10,6,3
2022-03-08 08:00:00,4,5,10,13,17,23,31,29,29,28,14,16,13,13,13,9,9,18,20,44,48,53,52,51,43,49,49,43,0
2022-03-08 09:00:00,8,3,12,13,15,18,24,23,21,23,11,10,8,7,7,6,6,13,10,34,32,33,20,18,29,31,31,32,0
2022-03-08 10:00:00,13,13,19,21,26,27,30,28,22,17,11,7,5,6,5,5,7,9,7,21,22,26,22,25,25,24,11,23,0
2022-03-08 11:00:00,13,11,16,19,22,27,28,25,24,19,11,9,9,11,2,9,6,9,9,41,40,44,43,43,42,41,40,38,0
2022-03-08 12:00:00,15,5,17,14,18,20,21,20,20,23,11,7,6,5,7,4,6,8,5,15,18,25,23,20,17,12,13,12,0
2022-03-08 13:00:00,19,19,22,23,24,24,24,23,23,22,13,9,5,10,4,7,4,5,5,33,34,31,30,27,25,21,22,21,0
2022-03-08 14:00:00,11,10,12,17,18,23,23,19,23,22,13,8,8,6,3,4,8,10,10,41,40,44,43,43,41,40,37,36,0
2022-03-08 15:00:00,38,40,41,41,42,43,44,41,39,39,10,8,8,8,8,8,8,11,9,16,17,22,17,15,14,13,7,5,0
2022-03-08 16:00:00,41,36,44,48,50,51,49,46,43,44,28,12,11,9,11,9,6,11,11,29,32,34,30,23,19,11,8,7,0
2022-03-08 17:00:00,20,22,23,28,30,32,31,29,27,26,19,10,12,11,12,11,9,17,14,36,35,40,32,27,20,12,8,6,0
2022-03-08 18:00:00,26,14,27,21,29,24,31,30,28,27,12,15,13,12,11,14,21,26,18,44,45,47,40,38,32,17,10,6,0
2022-03-08 19:00:00,15,6,17,16,17,17,19,14,16,20,12,13,12,10,10,7,7,9,10,36,37,45,35,25,20,12,6,6,0
2022-03-08 20:00:00,7,2,9,7,6,4,9,6,8,9,8,9,10,11,8,4,5,10,8,32,34,34,22,20,14,6,3,4,0
2022-03-08 21:00:00,4,6,3,7,6,3,5,5,4,5,4,4,5,7,9,6,4,6,4,22,23,28,27,22,19,9,4,3,0
2022-03-08 22:00:00,11,12,16,17,18,18,17,16,10,9,6,3,5,10,7,6,7,7,2,26,23,25,23,19,15,8,5,4,0
2022-03-08 23:00:00,3,2,2,5,6,0,5,0,5,3,4,8,1,10,4,7,4,5,4,24,22,22,15,14,10,6,3,3,0
2022-03-09 00:00:00,0,0,0,0,0,0,0,0,0,0,0,0,0,0,0,0,0,0,0,0,0,0,0,0,0,0,0,0,0
2022-03-09 01:00:00,0,0,0,0,0,0,0,0,0,0,0,0,0,0,0,0,0,0,0,0,0,0,0,0,0,0,0,0,0
2022-03-09 02:00:00,0,0,0,0,0,0,0,0,0,0,0,0,0,0,0,0,0,0,0,0,0,0,0,0,0,0,0,0,0
2022-03-09 03:00:00,0,0,0,0,0,0,0,0,0,0,0,0,0,0,0,0,0,0,0,0,0,0,0,0,0,0,0,0,0
2022-03-09 04:00:00,2,0,0,0,0,0,0,0,0,0,0,0,0,0,0,0,0,0,0,0,0,0,0,0,0,0,0,0,0
2022-03-09 05:00:00,1,0,2,2,2,3,5,5,4,2,2,0,2,1,0,2,3,3,3,3,4,4,3,0,2,0,0,0,0
2022-03-09 06:00:00,1,1,2,3,3,5,5,3,9,9,6,5,3,4,2,3,3,3,2,5,4,11,9,7,1,0,0,1,0
2022-03-09 07:00:00,2,3,4,7,13,20,19,17,14,14,5,6,3,2,2,2,6,5,3,4,2,4,3,6,5,2,1,1,0
2022-03-09 08:00:00,1,2,7,8,10,13,14,15,15,11,5,6,5,5,3,3,6,4,5,5,5,5,3,0,3,1,2,1,0
2022-03-09 09:00:00,1,3,6,9,10,13,16,14,13,15,7,8,5,4,4,5,6,9,3,10,12,14,12,11,8,6,3,0,0
2022-03-09 10:00:00,5,7,10,13,14,18,20,21,19,20,9,8,4,5,5,7,5,7,6,10,11,11,8,5,3,6,3,0,0
2022-03-09 11:00:00,1,3,7,8,12,14,20,17,12,15,9,8,7,7,6,5,6,6,4,12,14,17,16,16,15,12,1,0,0
2022-03-09 12:00:00,3,4,6,10,13,14,19,17,16,18,8,7,7,7,9,8,9,10,6,13,15,21,14,8,11,11,6,5,0
2022-03-09 13:00:00,3,4,6,10,11,12,18,19,21,23,10,9,8,6,7,5,6,7,11,16,18,21,18,16,9,6,4,2,0
2022-03-09 14:00:00,4,3,10,14,16,11,16,13,18,12,10,9,9,9,5,9,7,13,10,14,16,17,11,9,7,4,4,3,0
2022-03-09 15:00:00,5,3,8,10,13,15,17,16,15,15,12,9,7,7,8,6,7,9,8,13,14,15,14,13,10,6,4,1,0
2022-03-09 16:00:00,4,5,7,15,9,24,25,19,20,15,10,7,8,9,9,10,9,11,10,18,21,28,26,24,21,11,7,6,0
2022-03-09 17:00:00,5,1,6,7,8,11,13,12,12,12,10,9,13,10,9,9,8,16,14,37,39,41,31,25,20,12,8,6,0
2022-03-09 18:00:00,5,5,7,8,7,11,12,8,7,9,8,10,11,11,10,10,11,13,12,23,26,25,20,18,14,9,5,4,0
2022-03-09 19:00:00,2,3,5,4,3,4,6,3,6,8,4,2,5,3,6,5,5,4,3,19,14,19,18,14,10,7,4,2,0
2022-03-09 20:00:00,2,0,2,5,6,3,4,3,6,3,5,7,6,10,7,6,7,8,4,17,17,19,15,12,12,8,4,1,0
2022-03-09 21:00:00,4,0,1,2,3,3,3,2,4,5,3,3,4,5,3,2,5,4,25,16,27,28,16,13,11,7,4,1,0
2022-03-09 22:00:00,2,0,2,3,4,5,5,2,5,4,5,5,7,6,5,6,4,2,3,20,22,26,25,23,18,12,9,7,0
2022-03-09 23:00:00,0,0,4,1,2,3,0,2,1,0,2,3,0,5,3,4,4,3,2,14,15,16,13,12,9,5,2,0,0
2022-03-10 00:00:00,0,0,0,0,0,0,0,0,0,0,0,0,0,0,0,0,0,0,0,0,0,0,0,0,0,0,0,0,0
2022-03-10 01:00:00,0,0,0,0,0,0,0,0,0,0,0,0,0,0,0,0,0,0,0,0,0,0,0,0,0,0,0,0,0
2022-03-10 02:00:00,0,0,0,0,0,0,0,0,0,0,0,0,0,0,0,0,0,0,0,0,0,0,0,0,0,0,0,0,0
2022-03-10 03:00:00,0,0,0,0,0,0,0,0,0,0,0,0,0,0,0,0,0,0,0,0,0,0,0,0,0,0,0,0,0
2022-03-10 04:00:00,0,0,0,0,0,0,0,0,0,0,0,0,0,0,0,0,0,0,0,0,0,0,0,0,0,0,0,0,0
2022-03-10 05:00:00,1,1,3,3,4,5,8,7,7,4,2,0,0,1,1,1,1,4,3,5,4,3,2,1,1,1,0,0,0
2022-03-10 06:00:00,1,2,5,8,12,14,25,24,12,12,3,3,2,4,3,2,2,3,3,5,6,8,7,6,2,5,4,3,0
2022-03-10 07:00:00,4,5,12,18,25,35,39,32,33,32,7,7,9,6,8,6,7,12,9,15,14,19,13,17,12,10,10,15,0
2022-03-10 08:00:00,4,6,8,13,22,31,36,39,37,38,11,15,14,11,9,11,14,18,19,47,48,56,53,48,47,45,43,34,0
2022-03-10 09:00:00,3,3,5,9,13,21,26,23,21,23,9,11,7,10,10,5,8,13,9,42,11,45,44,44,26,44,43,41,0
2022-03-10 10:00:00,4,5,9,10,12,12,18,17,14,14,6,6,4,3,5,5,9,10,9,32,32,31,21,27,30,29,27,28,0
2022-03-10 11:00:00,21,22,26,28,29,14,30,29,26,14,13,5,7,5,6,7,6,8,11,48,48,52,51,49,48,52,51,45,1
2022-03-10 12:00:00,13,7,20,22,25,24,28,25,25,26,14,13,7,5,6,9,9,12,12,25,25,27,24,25,25,17,16,18,0
2022-03-10 13:00:00,12,15,12,16,19,18,19,16,15,13,7,8,6,7,6,6,8,9,7,29,30,28,24,18,17,21,20,18,0
2022-03-10 14:00:00,25,13,26,28,29,18,29,28,17,17,14,13,8,9,7,6,6,7,6,34,37,41,38,37,35,34,33,28,0
2022-03-10 15:00:00,15,17,18,19,20,21,21,18,27,26,11,12,13,11,10,11,8,11,12,17,21,24,21,19,13,12,9,6,0
2022-03-10 16:00:00,33,36,44,47,49,51,54,47,45,44,19,13,14,15,16,14,12,16,15,29,28,38,31,25,20,13,10,8,0
2022-03-10 17:00:00,41,42,44,48,49,35,51,49,43,46,13,12,12,11,10,9,11,11,8,32,33,40,31,28,26,12,10,9,0
2022-03-10 18:00:00,34,35,41,43,44,42,41,41,39,40,14,16,14,13,12,10,11,12,12,46,49,42,34,29,21,12,7,5,0
2022-03-10 19:00:00,6,7,6,9,9,9,12,10,9,11,10,14,14,15,13,8,9,17,13,41,42,46,37,31,18,14,9,8,1
2022-03-10 20:00:00,16,5,8,13,14,15,11,11,12,12,10,6,8,7,6,8,6,7,7,22,24,25,20,17,12,8,4,2,0
2022-03-10 21:00:00,9,10,9,18,21,9,17,19,18,17,7,5,6,6,6,6,5,6,5,19,23,22,21,20,16,11,7,6,0
2022-03-10 22:00:00,15,10,15,19,21,13,9,19,16,15,7,5,5,7,5,5,4,4,5,25,26,30,26,24,17,10,6,4,0
2022-03-10 23:00:00,2,0,1,3,0,1,2,2,3,3,4,6,5,7,0,5,2,2,2,15,13,17,13,11,10,4,3,2,0
2022-03-11 00:00:00,0,0,0,0,0,0,0,0,0,0,0,0,0,0,0,0,0,0,0,0,0,0,0,0,0,0,0,0,0
2022-03-11 01:00:00,0,0,0,0,0,0,0,0,0,0,0,0,0,0,0,0,0,0,0,0,0,0,0,0,0,0,0,0,0
2022-03-11 02:00:00,0,0,0,0,0,0,0,0,0,0,0,0,0,0,0,0,0,0,0,0,0,0,0,0,0,0,0,0,0
2022-03-11 03:00:00,0,0,0,0,0,0,0,0,0,0,0,0,0,0,0,0,0,0,0,0,0,0,0,0,0,0,0,0,0
2022-03-11 04:00:00,0,0,0,0,0,0,0,0,0,0,0,0,0,0,0,0,0,0,0,0,0,0,0,0,0,0,0,0,0
2022-03-11 05:00:00,2,1,3,3,4,5,7,6,7,8,4,3,2,2,2,3,4,2,0,3,2,4,0,0,1,0,3,2,1
2022-03-11 06:00:00,3,4,7,8,10,15,17,16,14,14,4,3,3,4,2,2,4,7,5,5,4,9,4,3,0,1,2,0,0
2022-03-11 07:00:00,3,5,7,13,22,30,38,36,29,27,11,10,10,7,8,6,6,9,6,16,14,15,14,15,12,13,12,7,1
2022-03-11 08:00:00,3,4,8,11,17,23,31,29,33,38,15,15,14,11,11,8,12,17,20,38,40,51,49,48,44,44,40,36,0
2022-03-11 09:00:00,3,6,9,11,14,17,26,26,20,23,11,15,8,8,7,6,8,10,9,23,27,27,25,24,22,22,19,18,0
2022-03-11 10:00:00,4,4,6,7,8,18,20,19,18,21,9,7,7,6,5,5,6,7,7,14,14,13,15,13,12,11,10,8,0
2022-03-11 11:00:00,4,5,8,11,12,15,18,16,16,17,11,9,6,6,8,8,7,9,9,24,26,30,26,25,24,21,20,17,0
2022-03-11 12:00:00,14,15,19,21,14,17,24,23,19,16,10,8,6,6,4,5,6,8,8,19,22,23,22,21,20,16,14,12,7
2022-03-11 13:00:00,12,9,11,15,14,16,18,12,13,14,10,7,8,9,7,6,8,14,13,31,32,32,31,29,24,21,19,16,0
2022-03-11 14:00:00,24,26,27,20,28,30,33,30,29,17,15,10,9,6,3,5,6,8,6,24,30,32,31,26,18,24,22,18,0
2022-03-11 15:00:00,9,6,11,11,14,12,15,14,14,13,7,7,10,9,8,8,6,8,7,22,24,29,22,17,14,7,5,4,0
2022-03-11 16:00:00,25,33,41,42,24,43,42,39,32,28,16,12,10,10,13,12,13,12,12,29,30,27,25,21,16,9,6,3,0
2022-03-11 17:00:00,37,38,42,43,44,46,49,48,47,41,20,14,10,14,13,11,9,12,8,27,29,38,33,30,23,15,7,3,0
2022-03-11 18:00:00,23,28,30,31,34,36,37,34,34,33,15,15,16,13,12,16,17,23,17,38,39,45,36,32,19,12,8,5,0
2022-03-11 19:00:00,4,2,6,10,11,10,11,10,11,11,9,9,9,9,6,7,7,11,8,41,41,43,27,26,18,14,6,4,0
2022-03-11 20:00:00,4,6,5,8,9,7,10,6,9,10,8,11,6,8,8,6,7,8,7,22,23,30,23,19,13,9,6,4,0
2022-03-11 21:00:00,4,1,1,5,6,0,6,5,7,5,5,6,6,6,3,4,4,6,5,27,26,27,23,21,17,11,6,3,0
2022-03-11 22:00:00,15,8,16,17,16,16,8,15,15,16,10,9,8,11,14,13,4,5,7,24,25,34,23,19,15,11,5,3,0
2022-03-11 23:00:00,1,1,3,5,0,6,3,3,4,5,4,3,3,4,6,11,8,5,3,27,26,26,22,20,15,8,4,2,0
2022-03-12 00:00:00,0,0,0,0,0,0,0,0,0,0,0,0,0,0,0,0,0,0,0,0,0,0,0,0,0,0,0,0,0
2022-03-12 01:00:00,0,0,0,0,0,0,0,0,0,0,0,0,0,0,0,0,0,0,0,0,0,0,0,0,0,0,0,0,0
2022-03-12 02:00:00,0,0,0,0,0,0,0,0,0,0,0,0,0,0,0,0,0,0,0,0,0,0,0,0,0,0,0,0,0
2022-03-12 03:00:00,0,0,0,0,0,0,0,0,0,0,0,0,0,0,0,0,0,0,0,0,0,0,0,0,0,0,0,0,0
2022-03-12 04:00:00,1,0,0,0,0,0,0,0,0,0,0,0,0,0,0,0,0,0,0,0,0,0,0,0,0,0,0,0,0
2022-03-12 05:00:00,1,0,2,3,4,5,9,2,6,4,4,2,3,1,4,3,6,3,3,6,5,5,4,0,3,1,0,0,0
2022-03-12 06:00:00,1,1,4,2,6,7,4,6,7,9,3,1,1,2,1,1,2,2,1,2,4,4,2,1,0,0,0,0,0
2022-03-12 07:00:00,2,2,4,6,7,12,14,12,11,9,7,8,3,3,2,2,3,6,3,7,6,3,4,2,3,2,1,0,0
2022-03-12 08:00:00,5,6,8,11,14,17,25,21,21,20,11,5,9,6,3,4,7,11,10,10,9,7,6,5,6,2,5,2,0
2022-03-12 09:00:00,3,4,7,12,19,25,30,29,23,23,18,12,11,11,9,7,6,8,6,10,11,8,11,10,5,9,1,1,0
2022-03-12 10:00:00,4,4,6,9,14,23,27,24,24,22,13,10,7,5,6,4,6,8,6,11,10,13,9,7,6,4,3,0,0
2022-03-12 11:00:00,4,2,14,16,21,21,27,28,25,28,17,14,9,10,10,12,11,18,15,13,14,12,10,10,9,6,4,1,1
2022-03-12 12:00:00,3,4,9,12,14,19,22,18,18,17,15,9,9,8,9,8,11,14,15,23,28,25,23,19,15,10,6,5,0
2022-03-12 13:00:00,2,4,5,10,12,13,16,18,19,20,12,11,8,6,4,5,7,13,12,19,21,18,16,13,10,6,4,3,0
2022-03-12 14:00:00,4,3,7,10,11,14,15,17,18,18,12,10,7,7,6,7,7,7,5,12,16,18,16,14,13,11,9,5,0
2022-03-12 15:00:00,3,4,10,11,16,17,13,14,16,12,6,8,5,4,5,5,8,8,9,18,19,24,24,23,22,12,11,5,0
2022-03-12 16:00:00,6,7,10,13,12,15,17,16,15,16,17,16,10,8,7,7,6,11,13,37,35,47,33,23,12,8,4,2,0
2022-03-12 17:00:00,4,2,4,7,12,17,18,18,16,18,15,13,10,12,12,9,11,13,13,33,42,46,39,32,19,16,11,8,0
2022-03-12 18:00:00,4,10,11,15,17,21,25,23,21,22,10,9,10,10,9,7,6,9,10,24,28,29,25,20,15,10,4,3,0
2022-03-12 19:00:00,1,3,4,6,6,9,12,5,11,12,8,10,9,8,7,8,7,6,8,20,23,27,20,18,14,9,4,2,0
2022-03-12 20:00:00,2,10,5,12,5,13,13,12,11,3,4,5,6,8,7,5,4,9,8,27,23,24,19,20,16,10,4,1,0
2022-03-12 21:00:00,2,3,3,4,3,4,2,2,5,1,4,5,7,6,3,4,3,4,5,24,25,29,28,22,15,8,6,5,0
2022-03-12 22:00:00,1,6,1,7,2,0,5,2,3,4,3,5,2,4,2,6,2,3,2,16,18,25,20,17,11,5,3,2,0
2022-03-12 23:00:00,1,0,0,3,2,4,0,3,2,3,4,5,2,7,6,4,2,1,0,14,13,17,15,8,7,3,4,2,0
2022-03-13 00:00:00,0,0,0,0,0,0,0,0,0,0,0,0,0,0,0,0,0,0,0,0,0,0,0,0,0,0,0,0,0
2022-03-13 01:00:00,0,0,0,0,0,0,0,0,0,0,0,0,0,0,0,0,0,0,0,0,0,0,0,0,0,0,0,0,0
2022-03-13 02:00:00,0,0,0,0,0,0,0,0,0,0,0,0,0,0,0,0,0,0,0,0,0,0,0,0,0,0,0,0,0
2022-03-13 03:00:00,0,0,0,0,0,0,0,0,0,0,0,0,0,0,0,0,0,0,0,0,0,0,0,0,0,0,0,0,0
2022-03-13 04:00:00,1,0,0,0,0,0,0,0,0,0,0,0,0,0,0,0,0,0,0,0,0,0,0,0,0,0,0,0,0
2022-03-13 05:00:00,1,1,2,3,4,2,5,2,4,4,3,1,2,1,0,2,2,2,3,2,1,1,0,0,0,0,0,0,0
2022-03-13 06:00:00,1,1,2,2,3,3,4,3,5,6,4,2,3,2,1,0,1,3,2,3,1,5,3,0,1,0,0,0,0
2022-03-13 07:00:00,2,1,3,3,4,6,8,7,5,6,2,0,0,2,1,3,3,4,1,2,3,3,1,2,2,1,0,0,0
2022-03-13 08:00:00,2,3,5,8,11,12,15,16,10,11,6,7,4,3,5,3,3,4,3,8,4,8,5,7,4,4,2,1,0
2022-03-13 09:00:00,1,3,5,7,9,12,14,13,14,14,11,10,7,4,6,4,4,7,5,7,6,7,6,4,2,2,1,2,0
2022-03-13 10:00:00,3,6,8,10,16,18,22,19,20,20,9,7,4,3,2,3,3,4,3,9,9,10,6,5,4,4,2,0,0
2022-03-13 11:00:00,1,1,5,7,10,14,14,11,12,10,10,6,5,3,2,4,6,7,5,11,9,9,7,7,4,3,3,0,0
2022-03-13 12:00:00,4,6,17,19,21,23,22,16,12,11,8,8,5,4,8,9,9,8,7,11,13,13,11,10,6,4,3,2,0
2022-03-13 13:00:00,5,3,5,6,9,14,15,16,14,13,7,8,6,6,4,6,7,8,7,14,15,23,21,18,17,10,8,6,0
2022-03-13 14:00:00,3,0,7,8,11,13,16,14,9,8,4,3,5,5,5,4,5,6,5,17,19,21,19,10,9,5,4,3,0
2022-03-13 15:00:00,7,9,6,7,8,11,14,12,14,12,6,6,8,4,4,5,5,9,8,13,11,19,16,18,17,14,7,6,0
2022-03-13 16:00:00,11,26,16,17,27,28,29,17,28,27,11,8,10,12,11,9,9,8,10,26,27,30,18,15,11,5,2,1,0
2022-03-13 17:00:00,6,6,6,8,10,11,15,10,14,11,7,8,10,10,7,8,5,9,18,17,18,22,25,21,18,13,10,4,0
2022-03-13 18:00:00,3,4,5,7,8,9,10,9,8,7,8,7,8,6,7,7,5,5,7,15,15,31,28,23,22,11,10,4,0
2022-03-13 19:00:00,2,3,3,4,5,6,7,6,7,9,7,8,7,6,4,6,4,4,5,23,26,36,25,20,13,8,6,3,0
2022-03-13 20:00:00,3,6,0,7,5,4,2,3,6,7,3,1,4,4,6,3,4,8,5,11,13,22,13,11,9,7,4,1,0
2022-03-13 21:00:00,2,4,5,5,7,3,3,7,6,5,4,5,6,7,2,3,6,5,2,14,15,24,22,18,17,10,3,2,0
2022-03-13 22:00:00,2,3,4,2,3,3,4,2,5,3,3,3,2,3,2,3,4,3,3,15,14,28,25,23,19,14,10,8,0
2022-03-13 23:00:00,0,0,0,1,0,2,2,1,0,0,3,4,0,1,3,2,1,3,3,13,12,13,10,9,8,7,2,2,0
2022-03-14 00:00:00,0,0,0,0,0,0,0,0,0,0,0,0,0,0,0,0,0,0,0,0,0,0,0,0,0,0,0,0,0
2022-03-14 01:00:00,0,0,0,0,0,0,0,0,0,0,0,0,0,0,0,0,0,0,0,0,0,0,0,0,0,0,0,0,0
2022-03-14 02:00:00,0,0,0,0,0,0,0,0,0,0,0,0,0,0,0,0,0,0,0,0,0,0,0,0,0,0,0,0,0
2022-03-14 03:00:00,0,0,0,0,0,0,0,0,0,0,0,0,0,0,0,0,0,0,0,0,0,0,0,0,0,0,0,0,0
2022-03-14 04:00:00,0,0,0,0,0,0,0,0,0,0,0,0,0,0,0,0,0,0,0,0,0,0,0,0,0,0,0,0,0
2022-03-14 05:00:00,1,1,3,4,5,7,11,10,7,9,3,2,3,3,1,2,2,3,2,4,3,4,4,0,3,2,0,0,0
2022-03-14 06:00:00,3,1,6,10,11,15,17,16,15,13,5,5,4,3,2,2,4,5,4,6,6,8,3,3,0,2,2,1,0
2022-03-14 07:00:00,3,4,9,14,17,22,36,33,29,34,9,9,6,5,5,5,8,12,10,15,11,17,16,15,10,14,11,9,0
2022-03-14 08:00:00,2,5,13,15,22,28,42,38,32,32,11,16,15,13,13,8,9,19,17,31,33,37,36,34,32,29,28,26,2
2022-03-14 09:00:00,2,4,6,10,14,19,27,25,21,20,10,10,5,8,7,5,6,9,15,52,46,54,53,52,51,50,45,48,18
2022-03-14 10:00:00,3,4,7,10,11,16,19,16,14,13,9,10,7,5,5,3,5,7,7,19,18,24,15,13,12,10,13,12,0
2022-03-14 11:00:00,26,0,28,12,14,17,20,19,16,17,7,7,5,7,5,6,10,13,12,44,45,48,47,46,47,49,45,42,0
2022-03-14 12:00:00,23,24,26,29,30,32,34,32,30,31,15,10,7,8,7,8,6,7,6,18,19,24,22,22,20,19,16,15,0
2022-03-14 13:00:00,14,13,15,16,18,20,24,23,20,20,8,7,5,5,5,5,5,7,7,24,25,22,22,21,17,21,18,14,0
2022-03-14 14:00:00,11,12,15,14,17,16,19,19,16,16,10,8,7,8,8,7,11,10,10,39,40,39,38,23,36,34,31,29,0
2022-03-14 15:00:00,9,6,11,13,14,17,15,15,16,16,7,7,7,11,10,8,7,7,8,31,34,40,30,22,20,14,12,10,0
2022-03-14 16:00:00,38,34,40,44,46,46,45,42,41,40,36,8,10,11,11,10,8,9,8,26,26,34,30,25,21,16,14,11,0
2022-03-14 17:00:00,43,45,44,46,49,51,53,52,52,53,26,8,9,11,11,10,7,11,10,32,34,35,29,22,17,13,10,8,0
2022-03-14 18:00:00,32,33,34,35,35,25,36,33,32,33,15,15,13,12,13,12,15,20,18,45,45,46,37,30,26,14,11,8,0
2022-03-14 19:00:00,8,7,10,13,10,6,13,11,14,17,12,11,10,9,6,10,9,8,7,36,37,41,33,28,21,11,8,5,0
2022-03-14 20:00:00,4,0,7,10,8,11,8,10,9,5,6,6,7,8,3,8,4,6,6,26,30,35,26,21,17,10,5,4,0
2022-03-14 21:00:00,7,0,4,7,9,3,5,10,9,5,6,6,6,5,6,5,5,4,5,21,21,22,17,17,11,8,6,5,0
2022-03-14 22:00:00,16,7,9,17,16,16,15,15,13,7,8,7,6,5,7,5,5,7,6,26,26,30,26,22,15,9,5,0,0
2022-03-14 23:00:00,3,4,2,5,4,0,3,4,5,7,5,2,0,3,2,2,3,2,1,10,10,13,12,9,8,6,2,1,0
2022-03-15 00:00:00,0,0,0,0,0,0,0,0,0,0,0,0,0,0,0,0,0,0,0,0,0,0,0,0,0,0,0,0,0
2022-03-15 01:00:00,0,0,0,0,0,0,0,0,0,0,0,0,0,0,0,0,0,0,0,0,0,0,0,0,0,0,0,0,0
2022-03-15 02:00:00,0,0,0,0,0,0,0,0,0,0,0,0,0,0,0,0,0,0,0,0,0,0,0,0,0,0,0,0,0
2022-03-15 03:00:00,0,0,0,0,0,0,0,0,0,0,0,0,0,0,0,0,0,0,0,0,0,0,0,0,0,0,0,0,0
2022-03-15 04:00:00,0,0,0,0,0,0,0,0,0,0,0,0,0,0,0,0,0,0,0,0,0,0,0,0,0,0,0,0,0
2022-03-15 05:00:00,1,2,4,3,5,5,8,6,6,5,3,2,0,2,3,3,3,5,5,5,4,2,0,0,1,0,0,0,0
2022-03-15 06:00:00,1,1,4,6,10,16,18,16,10,9,4,3,3,4,2,3,4,5,5,6,7,8,4,9,8,1,4,1,0
2022-03-15 07:00:00,3,5,8,15,23,28,41,35,32,31,10,12,6,6,7,8,7,11,10,11,12,14,11,9,8,10,8,6,0
2022-03-15 08:00:00,3,5,11,17,28,33,38,34,30,30,11,20,16,16,15,9,7,17,17,50,51,56,56,54,35,55,54,47,0
2022-03-15 09:00:00,3,4,7,10,15,16,23,20,20,20,9,10,7,5,6,4,8,11,9,28,29,30,29,25,23,26,27,27,0
2022-03-15 10:00:00,7,0,9,12,14,18,19,17,17,18,10,10,7,4,6,5,4,8,7,37,38,40,38,36,35,34,26,31,0
2022-03-15 11:00:00,13,16,15,11,17,22,24,23,23,21,12,6,5,5,6,3,5,6,9,40,29,43,32,42,39,36,37,36,3
2022-03-15 12:00:00,12,9,15,18,20,23,26,22,21,22,11,10,7,6,9,9,8,9,7,15,15,18,17,11,12,12,9,5,0
2022-03-15 13:00:00,14,10,11,17,18,15,18,17,14,15,9,7,5,6,2,5,6,11,10,29,30,34,31,30,29,25,27,23,0
2022-03-15 14:00:00,19,20,22,26,28,28,28,23,20,21,12,11,8,7,6,6,7,5,10,32,33,34,33,34,34,32,29,28,0
2022-03-15 15:00:00,14,16,16,19,18,22,19,19,21,20,16,10,10,8,6,8,7,6,6,14,15,22,16,11,8,8,5,9,0
2022-03-15 16:00:00,46,36,48,41,51,33,50,47,48,33,15,12,15,18,15,13,10,15,15,32,35,40,33,29,23,14,12,11,0
2022-03-15 17:00:00,46,41,48,51,54,55,56,55,52,51,29,9,9,8,8,7,9,10,9,34,40,47,44,38,31,17,12,9,0
2022-03-15 18:00:00,37,40,41,48,51,53,52,51,47,44,17,15,17,13,11,13,13,15,15,47,48,53,46,40,30,14,10,8,0
2022-03-15 19:00:00,9,9,10,11,12,14,13,13,12,10,10,10,8,8,7,11,10,11,10,33,35,39,31,29,19,13,8,6,0
2022-03-15 20:00:00,4,4,6,8,9,8,8,9,7,10,7,8,11,8,10,6,4,9,10,33,30,36,29,26,17,12,11,9,0
2022-03-15 21:00:00,5,6,6,7,9,7,8,6,7,6,4,5,4,4,3,3,4,7,7,23,24,24,20,18,14,11,5,4,0
2022-03-15 22:00:00,7,11,15,18,12,19,5,7,12,13,6,5,4,2,2,4,4,7,7,29,26,27,24,18,13,7,4,2,0
2022-03-15 23:00:00,1,2,0,4,6,0,3,1,1,2,4,3,0,2,2,3,4,2,1,16,17,19,18,16,12,6,4,2,0
2022-03-16 00:00:00,0,0,0,0,0,0,0,0,0,0,0,0,0,0,0,0,0,0,0,0,0,0,0,0,0,0,0,0,0
2022-03-16 01:00:00,0,0,0,0,0,0,0,0,0,0,0,0,0,0,0,0,0,0,0,0,0,0,0,0,0,0,0,0,0
2022-03-16 02:00:00,0,0,0,0,0,0,0,0,0,0,0,0,0,0,0,0,0,0,0,0,0,0,0,0,0,0,0,0,0
2022-03-16 03:00:00,0,0,0,0,0,0,0,0,0,0,0,0,0,0,0,0,0,0,0,0,0,0,0,0,0,0,0,0,0
2022-03-16 04:00:00,0,0,0,0,0,0,0,0,0,0,0,0,0,0,0,0,0,0,0,0,0,0,0,0,0,0,0,0,0
2022-03-16 05:00:00,1,1,2,4,6,7,10,8,7,7,3,1,0,2,1,2,3,4,5,6,4,3,1,0,0,0,0,0,0
2022-03-16 06:00:00,2,2,5,7,11,16,24,23,9,11,5,4,3,4,3,2,3,4,3,4,3,5,0,2,0,2,0,0,0
2022-03-16 07:00:00,5,4,9,15,20,29,31,29,27,28,8,11,7,5,5,5,8,11,8,10,9,12,11,8,10,10,8,6,1
2022-03-16 08:00:00,3,5,10,13,21,24,33,31,30,34,13,17,13,12,10,8,8,16,15,46,49,48,41,46,45,37,36,36,0
2022-03-16 09:00:00,2,5,9,11,18,22,25,25,23,23,14,14,8,9,9,8,10,10,9,47,45,48,46,31,44,43,42,41,0
2022-03-16 10:00:00,2,3,5,7,11,17,23,18,15,14,9,9,7,7,7,8,8,9,6,14,15,17,16,15,11,9,8,16,0
2022-03-16 11:00:00,18,19,10,18,21,22,23,21,16,15,8,6,6,7,7,8,8,14,19,48,49,50,49,42,40,47,46,42,0
2022-03-16 12:00:00,15,14,15,22,23,20,23,20,20,25,11,9,4,4,4,4,6,6,4,14,15,17,14,17,11,12,11,10,0
2022-03-16 13:00:00,14,15,14,11,14,16,16,17,12,10,11,10,5,4,5,5,4,7,8,19,20,22,19,17,16,16,14,11,0
2022-03-16 14:00:00,15,18,20,22,24,26,25,24,22,23,14,12,8,7,8,7,8,6,8,39,38,41,40,38,29,34,33,31,0
2022-03-16 15:00:00,12,7,9,17,12,18,18,23,21,20,12,9,11,9,10,10,9,13,11,17,17,23,19,15,11,10,8,6,0
2022-03-16 16:00:00,37,39,41,42,45,49,50,49,37,36,13,14,10,10,9,8,7,10,8,29,32,36,32,24,19,10,9,8,0
2022-03-16 17:00:00,38,40,43,45,47,50,49,48,48,40,19,15,13,11,13,11,9,19,12,38,40,39,31,26,19,10,9,8,0
2022-03-16 18:00:00,34,39,45,48,40,49,48,44,41,41,23,22,17,14,14,13,12,14,12,43,45,47,37,31,22,15,8,7,0
2022-03-16 19:00:00,5,5,7,8,8,9,11,8,9,9,10,14,12,13,11,11,10,9,8,35,40,43,38,30,22,13,5,3,0
2022-03-16 20:00:00,5,0,6,4,6,7,10,7,6,6,5,7,9,9,9,9,6,7,5,21,24,28,22,20,13,9,5,2,0
2022-03-16 21:00:00,3,2,5,6,7,8,9,8,5,4,4,7,8,8,4,7,7,4,5,20,21,26,20,17,13,8,3,1,0
2022-03-16 22:00:00,8,1,9,11,9,2,10,4,9,7,6,7,7,8,6,5,3,4,5,25,27,32,30,23,19,10,6,5,0
2022-03-16 23:00:00,1,1,1,6,8,9,2,8,7,1,3,4,1,6,6,5,4,5,4,21,20,20,12,11,7,4,3,2,0
2022-03-17 00:00:00,0,0,0,0,0,0,0,0,0,0,0,0,0,0,0,0,0,0,0,0,0,0,0,0,0,0,0,0,0
2022-03-17 01:00:00,0,0,0,0,0,0,0,0,0,0,0,0,0,0,0,0,0,0,0,0,0,0,0,0,0,0,0,0,0
2022-03-17 02:00:00,0,0,0,0,0,0,0,0,0,0,0,0,0,0,0,0,0,0,0,0,0,0,0,0,0,0,0,0,0
2022-03-17 03:00:00,0,0,0,0,0,0,0,0,0,0,0,0,0,0,0,0,0,0,0,0,0,0,0,0,0,0,0,0,0
2022-03-17 04:00:00,0,0,0,0,0,0,0,0,0,0,0,0,0,0,0,0,0,0,0,0,0,0,0,0,0,0,0,0,0
2022-03-17 05:00:00,1,1,3,3,4,6,13,4,13,12,2,2,0,2,0,2,4,5,5,4,2,3,2,1,1,0,0,0,0
2022-03-17 06:00:00,1,3,6,9,13,14,21,20,14,17,4,5,2,2,2,2,3,5,3,5,4,8,2,3,3,0,2,1,0
2022-03-17 07:00:00,3,4,11,14,22,31,45,42,38,32,9,8,6,9,8,8,11,14,9,14,13,14,14,13,14,13,11,6,3
2022-03-17 08:00:00,2,5,10,19,24,32,40,36,33,37,14,19,18,16,17,9,9,16,15,47,47,55,53,51,50,49,48,41,0
2022-03-17 09:00:00,4,5,5,9,13,17,23,19,17,19,12,12,5,4,6,6,10,14,10,39,27,38,17,29,35,32,30,29,14
2022-03-17 10:00:00,4,2,6,8,9,11,16,13,12,15,8,7,4,5,5,5,7,10,10,25,24,27,22,24,22,15,19,19,0
2022-03-17 11:00:00,22,9,10,24,25,27,29,28,26,27,8,5,6,5,5,4,7,9,13,39,39,41,39,27,34,41,39,38,0
2022-03-17 12:00:00,7,5,20,22,23,22,19,17,18,20,14,8,5,4,5,4,5,6,6,26,18,25,24,18,14,10,13,11,0
2022-03-17 13:00:00,11,8,10,13,14,16,18,16,11,10,6,8,8,7,6,6,7,9,7,28,29,29,29,17,20,26,20,25,0
2022-03-17 14:00:00,22,15,21,25,26,28,28,19,17,17,13,7,7,6,8,7,6,10,11,34,37,37,32,31,29,28,27,26,0
2022-03-17 15:00:00,17,17,19,20,21,23,24,27,26,24,16,9,6,6,5,4,4,8,5,24,27,34,29,22,17,13,7,5,0
2022-03-17 16:00:00,33,31,34,34,30,36,39,34,33,34,32,14,13,21,23,21,20,18,20,45,44,44,32,29,24,13,8,5,0
2022-03-17 17:00:00,36,38,42,43,43,46,47,42,39,42,20,14,15,15,13,13,14,19,17,44,43,46,39,38,30,22,21,15,0
2022-03-17 18:00:00,33,35,37,39,40,41,41,38,40,39,21,15,14,13,12,13,16,18,13,46,46,49,38,33,28,17,14,11,0
2022-03-17 19:00:00,4,7,9,10,9,10,13,13,11,13,10,10,10,11,8,6,7,11,8,48,48,50,38,28,23,15,11,9,0
2022-03-17 20:00:00,14,19,20,10,21,20,19,18,12,6,7,7,6,8,10,9,7,8,7,23,22,29,21,18,11,7,4,3,0
2022-03-17 21:00:00,8,8,5,9,12,13,14,13,14,7,5,5,4,4,3,3,3,6,4,21,14,22,18,17,14,7,5,4,0
2022-03-17 22:00:00,23,24,19,23,22,15,18,15,18,16,7,7,6,6,3,4,4,4,4,22,19,28,21,17,12,8,7,6,0
2022-03-17 23:00:00,1,1,2,2,3,0,1,1,0,2,1,1,0,1,1,1,3,2,0,16,17,18,16,15,10,3,1,1,0
2022-03-18 00:00:00,0,0,0,0,0,0,0,0,0,0,0,0,0,0,0,0,0,0,0,0,0,0,0,0,0,0,0,0,0
2022-03-18 01:00:00,0,0,0,0,0,0,0,0,0,0,0,0,0,0,0,0,0,0,0,0,0,0,0,0,0,0,0,0,0
2022-03-18 02:00:00,0,0,0,0,0,0,0,0,0,0,0,0,0,0,0,0,0,0,0,0,0,0,0,0,0,0,0,0,0
2022-03-18 03:00:00,0,0,0,0,0,0,0,0,0,0,0,0,0,0,0,0,0,0,0,0,0,0,0,0,0,0,0,0,0
2022-03-18 04:00:00,0,0,0,0,0,0,0,0,0,0,0,0,0,0,0,0,0,0,0,0,0,0,0,0,0,0,0,0,0
2022-03-18 05:00:00,1,1,3,4,6,7,9,8,5,6,2,1,2,1,2,2,3,6,6,7,6,5,4,0,0,1,0,0,0
2022-03-18 06:00:00,1,2,4,6,7,11,16,14,11,12,4,5,4,4,3,2,3,4,4,4,4,6,2,3,0,1,0,3,2
2022-03-18 07:00:00,4,5,10,14,22,29,34,35,32,32,11,5,6,5,4,5,8,9,7,16,10,16,10,10,9,14,13,8,0
2022-03-18 08:00:00,3,6,15,16,15,21,36,39,39,41,27,30,24,23,19,15,13,21,21,49,46,24,22,21,16,20,18,13,0
2022-03-18 09:00:00,2,5,8,13,18,26,31,28,25,28,16,15,8,6,6,4,8,15,13,26,38,47,45,44,42,44,43,38,0
2022-03-18 10:00:00,3,2,5,8,13,13,15,14,12,13,12,6,4,5,4,4,7,9,7,12,8,12,11,11,9,8,10,0,0
2022-03-18 11:00:00,6,0,8,10,12,16,19,17,13,14,9,8,5,7,8,8,7,7,8,21,25,26,22,24,22,17,19,18,0
2022-03-18 12:00:00,8,7,11,18,22,23,25,18,16,17,11,12,7,7,5,5,7,8,7,23,21,28,26,24,20,17,8,16,0
2022-03-18 13:00:00,7,8,9,12,16,18,19,18,12,17,9,8,7,7,2,5,5,8,7,21,26,27,25,25,23,18,16,15,0
2022-03-18 14:00:00,10,12,9,15,19,20,20,17,15,16,12,8,8,3,7,6,7,7,8,22,22,23,21,19,17,19,16,12,0
2022-03-18 15:00:00,9,7,12,11,15,17,16,16,18,14,11,12,9,11,9,8,5,6,6,16,20,29,26,22,16,9,5,4,0
2022-03-18 16:00:00,20,14,18,21,23,27,30,30,27,23,11,12,10,12,10,10,9,14,13,30,31,31,24,20,17,12,7,5,0
2022-03-18 17:00:00,39,40,42,45,37,44,45,42,38,36,15,12,12,9,11,8,6,11,12,29,30,31,25,23,16,12,9,6,0
2022-03-18 18:00:00,30,32,33,39,39,40,42,38,27,26,15,13,13,16,13,14,13,17,11,46,48,47,39,35,29,11,7,6,0
2022-03-18 19:00:00,3,2,5,8,8,9,10,11,9,10,6,9,11,11,10,9,9,11,9,36,40,39,27,22,22,11,8,6,0
2022-03-18 20:00:00,5,9,6,7,10,12,11,9,11,10,7,7,7,7,5,3,5,4,2,19,19,28,25,22,15,7,4,3,0
2022-03-18 21:00:00,2,4,3,5,7,5,8,8,5,6,5,6,8,9,8,8,5,7,8,30,31,29,22,19,13,7,5,3,0
2022-03-18 22:00:00,16,17,16,6,20,20,20,13,16,16,9,9,9,7,5,7,5,5,4,30,30,30,26,21,17,12,9,7,0
2022-03-18 23:00:00,0,1,2,5,3,2,2,0,3,4,3,3,0,5,6,7,5,6,0,20,21,25,19,17,15,10,5,4,0
2022-03-19 00:00:00,0,0,0,0,0,0,0,0,0,0,0,0,0,0,0,0,0,0,0,0,0,0,0,0,0,0,0,0,0
2022-03-19 01:00:00,0,0,0,0,0,0,0,0,0,0,0,0,0,0,0,0,0,0,0,0,0,0,0,0,0,0,0,0,0
2022-03-19 02:00:00,0,0,0,0,0,0,0,0,0,0,0,0,0,0,0,0,0,0,0,0,0,0,0,0,0,0,0,0,0
2022-03-19 03:00:00,0,0,0,0,0,0,0,0,0,0,0,0,0,0,0,0,0,0,0,0,0,0,0,0,0,0,0,0,0
2022-03-19 04:00:00,1,0,0,0,0,0,0,0,0,0,0,0,0,0,0,0,0,0,0,0,0,0,0,0,0,0,0,0,0
2022-03-19 05:00:00,1,1,3,3,5,6,6,6,6,5,3,2,1,2,3,2,2,3,4,6,3,3,2,0,0,0,0,0,0
2022-03-19 06:00:00,1,1,2,3,4,5,6,4,5,6,3,2,2,1,1,1,3,4,3,5,5,4,3,2,1,0,0,0,0
2022-03-19 07:00:00,2,2,4,7,7,10,10,10,10,9,4,5,2,2,1,2,3,5,3,5,3,6,5,4,4,2,2,1,0
2022-03-19 08:00:00,5,6,8,11,11,13,17,15,15,16,5,5,4,4,2,3,5,9,4,8,7,8,7,4,5,3,4,3,0
2022-03-19 09:00:00,2,4,8,14,19,21,24,21,18,21,13,12,7,6,7,8,9,7,7,13,15,15,15,13,11,10,9,8,0
2022-03-19 10:00:00,1,3,8,10,15,20,27,19,23,23,9,9,5,5,4,4,4,8,5,7,10,12,11,7,7,6,3,2,0
2022-03-19 11:00:00,4,5,9,12,17,21,26,24,24,23,7,8,4,3,4,4,6,13,9,14,14,14,11,8,8,7,2,2,0
2022-03-19 12:00:00,10,11,12,10,15,21,23,19,18,18,8,7,8,7,8,6,6,12,10,18,20,21,19,16,14,13,6,12,0
2022-03-19 13:00:00,3,5,9,10,15,22,24,22,22,22,8,8,10,8,7,7,6,11,8,14,13,17,14,13,11,6,4,3,0
2022-03-19 14:00:00,3,3,8,10,12,14,18,17,14,16,13,11,10,9,7,8,10,8,9,20,23,24,22,18,13,8,6,3,0
2022-03-19 15:00:00,4,5,9,14,11,16,19,17,12,12,9,8,8,8,6,6,7,6,3,17,20,18,17,14,13,9,4,1,0
2022-03-19 16:00:00,6,8,11,13,19,20,24,22,21,20,11,7,7,7,8,5,8,13,9,22,23,24,19,21,17,12,8,4,0
2022-03-19 17:00:00,4,6,6,8,11,15,20,17,14,17,12,13,11,9,7,6,5,6,6,28,36,38,34,28,20,14,5,3,0
2022-03-19 18:00:00,3,5,7,12,13,8,9,10,10,9,8,9,6,5,5,5,9,9,9,27,25,29,26,20,16,9,5,3,0
2022-03-19 19:00:00,1,14,12,5,9,14,3,11,10,11,8,8,7,9,5,6,6,6,6,18,19,29,25,21,14,9,4,4,0
2022-03-19 20:00:00,1,1,3,4,5,5,7,6,4,4,4,3,5,8,7,6,5,10,8,16,15,18,15,13,10,9,6,1,0
2022-03-19 21:00:00,1,0,1,4,2,2,3,2,3,4,6,6,8,7,8,7,5,6,5,14,12,16,15,14,10,7,5,4,0
2022-03-19 22:00:00,4,3,5,6,6,3,4,5,4,5,5,8,10,6,9,5,4,6,7,16,15,19,16,13,10,6,5,0,0
2022-03-19 23:00:00,0,0,0,4,2,7,1,1,6,0,4,2,1,5,5,3,3,5,4,25,24,24,23,22,20,14,9,8,0
2022-03-20 00:00:00,0,0,0,0,0,0,0,0,0,0,0,0,0,0,0,0,0,0,0,0,0,0,0,0,0,0,0,0,0
2022-03-20 01:00:00,0,0,0,0,0,0,0,0,0,0,0,0,0,0,0,0,0,0,0,0,0,0,0,0,0,0,0,0,0
2022-03-20 02:00:00,0,0,0,0,0,0,0,0,0,0,0,0,0,0,0,0,0,0,0,0,0,0,0,0,0,0,0,0,0
2022-03-20 03:00:00,0,0,0,0,0,0,0,0,0,0,0,0,0,0,0,0,0,0,0,0,0,0,0,0,0,0,0,0,0
2022-03-20 04:00:00,1,0,0,0,0,0,0,0,0,0,0,0,0,0,0,0,0,0,0,0,0,0,0,0,0,0,0,0,0
2022-03-20 05:00:00,1,0,3,2,4,4,5,3,4,4,2,2,3,0,1,2,2,1,1,3,4,4,3,0,2,0,0,0,0
2022-03-20 06:00:00,1,3,4,2,5,4,4,5,5,5,3,2,7,1,6,5,3,4,0,6,4,7,2,0,6,0,5,1,4
2022-03-20 07:00:00,1,2,3,5,5,7,8,7,5,4,3,1,1,2,1,2,2,2,5,5,4,3,2,1,1,1,0,0,0
2022-03-20 08:00:00,3,3,4,7,11,14,18,16,15,13,4,5,3,0,3,4,5,7,4,6,4,7,7,3,6,5,3,1,0
2022-03-20 09:00:00,3,4,8,10,14,15,16,14,17,18,8,5,3,3,3,4,5,8,8,10,6,14,13,11,9,8,4,3,0
2022-03-20 10:00:00,2,3,7,12,9,17,20,20,19,20,10,9,4,4,4,2,3,7,8,9,8,7,7,6,0,5,4,0,0
2022-03-20 11:00:00,3,3,6,10,12,13,17,18,13,14,6,5,5,4,2,6,5,9,6,13,4,15,11,6,9,6,5,4,0
2022-03-20 12:00:00,8,2,12,13,14,15,16,16,14,17,12,8,8,5,4,10,9,8,9,13,12,14,13,11,9,7,5,3,0
2022-03-20 13:00:00,2,4,5,10,11,15,15,13,13,13,8,7,6,5,4,4,5,9,9,15,14,14,12,12,11,5,5,1,0
2022-03-20 14:00:00,7,3,9,11,13,16,18,16,16,14,7,5,4,7,4,6,7,8,6,13,12,12,10,4,8,7,4,5,0
2022-03-20 15:00:00,7,1,8,9,8,10,11,8,10,16,12,7,6,6,5,6,9,10,9,19,18,22,20,20,16,15,11,7,0
2022-03-20 16:00:00,3,4,8,6,10,12,13,13,15,14,9,8,10,8,10,9,7,10,9,26,25,31,28,26,19,14,12,5,0
2022-03-20 17:00:00,4,5,6,10,9,11,12,10,11,13,10,12,8,8,7,8,7,9,8,22,25,25,22,19,15,11,7,2,0
2022-03-20 18:00:00,5,0,6,6,9,13,16,9,16,17,8,6,5,6,5,7,7,10,8,25,24,25,22,17,13,9,8,4,0
2022-03-20 19:00:00,1,15,16,6,15,7,16,15,13,8,5,4,5,6,3,5,5,6,4,18,19,21,16,13,11,8,5,1,0
2022-03-20 20:00:00,5,0,6,8,5,5,10,10,7,8,4,4,6,7,5,4,4,5,6,16,18,18,18,17,15,9,5,0,0
2022-03-20 21:00:00,3,6,3,5,7,6,7,3,4,3,4,4,5,4,3,3,3,4,5,18,19,23,19,16,15,9,7,0,0
2022-03-20 22:00:00,1,1,3,0,3,4,4,3,3,1,3,3,3,2,2,2,4,2,3,18,14,19,14,12,10,7,6,5,0
2022-03-20 23:00:00,0,0,1,2,1,4,3,0,2,5,5,7,1,8,8,0,6,4,2,22,25,27,20,17,14,7,3,0,0
2022-03-21 00:00:00,0,0,0,0,0,0,0,0,0,0,0,0,0,0,0,0,0,0,0,0,0,0,0,0,0,0,0,0,0
2022-03-21 01:00:00,0,0,0,0,0,0,0,0,0,0,0,0,0,0,0,0,0,0,0,0,0,0,0,0,0,0,0,0,0
2022-03-21 02:00:00,0,0,0,0,0,0,0,0,0,0,0,0,0,0,0,0,0,0,0,0,0,0,0,0,0,0,0,0,0
2022-03-21 03:00:00,0,0,0,0,0,0,0,0,0,0,0,0,0,0,0,0,0,0,0,0,0,0,0,0,0,0,0,0,0
2022-03-21 04:00:00,0,0,0,0,0,0,0,0,0,0,0,0,0,0,0,0,0,0,0,0,0,0,0,0,0,0,0,0,0
2022-03-21 05:00:00,1,1,2,5,6,5,9,8,7,6,3,2,1,1,2,4,2,6,2,4,3,2,0,1,0,0,0,0,0
2022-03-21 06:00:00,1,2,4,12,16,20,26,16,15,16,6,4,4,3,3,3,7,6,4,4,5,8,1,6,5,4,2,0,0
2022-03-21 07:00:00,4,5,11,13,20,26,40,34,30,32,7,7,6,5,3,5,6,13,8,11,11,12,11,10,11,8,10,9,0
2022-03-21 08:00:00,3,4,9,13,24,28,32,34,29,27,12,21,18,15,14,10,8,15,11,38,37,40,33,38,27,27,35,32,9
2022-03-21 09:00:00,3,5,8,9,15,22,26,25,24,23,8,8,6,6,6,10,10,11,10,44,47,45,45,44,44,43,42,40,0
2022-03-21 10:00:00,3,5,7,11,15,17,19,16,13,13,8,7,6,6,6,7,9,11,11,24,24,24,21,19,16,17,13,12,0
2022-03-21 11:00:00,23,24,5,12,14,17,19,13,16,18,8,6,6,5,3,5,5,9,13,41,39,42,32,41,39,40,34,35,0
2022-03-21 12:00:00,10,12,28,32,37,39,41,34,31,32,9,7,8,7,8,6,7,8,9,19,19,21,20,16,15,15,17,8,0
2022-03-21 13:00:00,14,15,17,15,12,16,16,14,14,12,11,7,5,4,3,5,7,9,10,28,27,30,28,25,16,26,25,24,0
2022-03-21 14:00:00,28,17,29,29,29,30,31,30,28,29,12,7,4,4,3,4,4,6,6,29,29,30,28,26,13,27,26,12,0
2022-03-21 15:00:00,13,14,16,18,13,16,20,16,16,17,14,10,8,9,6,6,7,6,8,32,34,41,37,24,19,11,9,6,0
2022-03-21 16:00:00,36,33,35,36,37,39,39,36,25,25,12,11,10,13,12,9,7,12,12,31,34,40,24,20,18,15,9,6,0
2022-03-21 17:00:00,37,43,45,47,42,41,51,44,40,41,20,9,8,9,9,10,11,17,15,32,35,38,35,29,21,13,11,9,0
2022-03-21 18:00:00,28,34,36,38,41,32,40,37,33,36,13,11,12,12,11,12,12,16,12,48,48,45,37,30,20,13,8,5,0
2022-03-21 19:00:00,13,4,12,13,14,14,18,17,13,16,14,16,10,11,9,7,7,12,7,40,42,46,37,28,19,12,7,6,0
2022-03-21 20:00:00,5,0,4,8,9,6,10,5,15,6,6,7,6,7,6,5,7,5,5,18,20,30,24,20,18,11,8,6,0
2022-03-21 21:00:00,11,6,8,10,11,10,10,9,11,9,5,7,6,7,7,5,3,6,3,24,22,31,27,22,16,12,5,2,0
2022-03-21 22:00:00,19,20,23,21,24,20,23,22,19,18,10,8,9,8,5,4,2,4,5,20,17,23,22,20,16,8,7,5,0
2022-03-21 23:00:00,7,1,0,4,9,10,3,9,0,0,1,1,1,2,3,2,3,3,5,15,11,19,15,12,8,5,4,1,0
2022-03-22 00:00:00,0,0,0,0,0,0,0,0,0,0,0,0,0,0,0,0,0,0,0,0,0,0,0,0,0,0,0,0,0
2022-03-22 01:00:00,0,0,0,0,0,0,0,0,0,0,0,0,0,0,0,0,0,0,0,0,0,0,0,0,0,0,0,0,0
2022-03-22 02:00:00,0,0,0,0,0,0,0,0,0,0,0,0,0,0,0,0,0,0,0,0,0,0,0,0,0,0,0,0,0
2022-03-22 03:00:00,0,0,0,0,0,0,0,0,0,0,0,0,0,0,0,0,0,0,0,0,0,0,0,0,0,0,0,0,0
2022-03-22 04:00:00,0,0,0,0,0,0,0,0,0,0,0,0,0,0,0,0,0,0,0,0,0,0,0,0,0,0,0,0,0
2022-03-22 05:00:00,2,3,5,5,6,7,8,3,7,8,4,3,3,1,2,1,2,4,1,5,3,2,1,1,0,1,0,0,0
2022-03-22 06:00:00,3,2,6,14,18,21,27,26,14,15,4,3,3,4,0,3,5,6,3,5,8,9,0,6,2,0,5,4,0
2022-03-22 07:00:00,3,4,8,13,22,31,47,36,33,31,8,7,8,6,4,5,7,11,9,12,10,12,12,10,13,11,8,8,0
2022-03-22 08:00:00,3,5,10,13,18,26,35,29,31,31,14,19,16,14,13,12,8,13,15,52,52,46,51,45,50,42,51,46,0
2022-03-22 09:00:00,3,4,7,12,17,20,28,26,22,22,9,9,6,6,5,6,6,10,9,41,42,45,39,44,42,39,39,34,0
2022-03-22 10:00:00,6,0,7,10,11,17,19,17,19,16,6,7,5,6,6,7,6,6,5,21,21,23,22,21,20,20,15,19,0
2022-03-22 11:00:00,9,10,9,14,16,17,21,20,18,16,10,6,7,8,7,7,7,11,13,47,49,50,49,49,47,43,42,40,3
2022-03-22 12:00:00,6,7,10,12,15,18,21,19,23,21,10,8,7,6,7,8,8,7,7,16,17,19,18,17,17,13,10,9,0
2022-03-22 13:00:00,18,8,13,20,22,12,23,20,20,19,9,11,8,8,3,6,6,6,7,24,25,29,26,25,22,22,22,20,0
2022-03-22 14:00:00,8,10,13,10,11,23,24,23,19,19,13,8,10,8,7,6,5,8,9,27,27,30,29,28,27,26,27,22,0
2022-03-22 15:00:00,20,9,21,24,13,14,16,23,22,23,17,8,9,8,7,7,8,7,5,24,25,29,20,14,11,8,7,3,0
2022-03-22 16:00:00,39,40,42,44,45,31,44,28,24,25,14,12,10,11,12,8,10,13,9,23,23,33,30,24,19,14,9,6,0
2022-03-22 17:00:00,36,34,39,41,43,43,44,44,38,39,16,9,10,14,9,12,11,16,13,36,36,42,35,32,18,14,10,9,0
2022-03-22 18:00:00,29,30,32,33,35,37,39,36,33,33,21,16,13,14,11,19,22,25,22,50,49,47,39,35,27,19,13,8,0
2022-03-22 19:00:00,13,5,6,8,9,10,11,14,16,11,11,11,12,10,6,10,7,10,8,42,43,41,32,31,21,13,6,5,0
2022-03-22 20:00:00,8,10,7,9,8,9,8,8,7,8,5,9,14,14,13,12,7,11,10,25,26,32,30,22,18,12,6,3,0
2022-03-22 21:00:00,7,7,8,10,10,8,11,10,9,6,8,8,6,6,7,7,8,8,7,26,29,30,21,20,19,10,5,4,0
2022-03-22 22:00:00,16,19,23,24,23,7,9,21,19,17,10,7,10,7,10,10,6,6,4,19,19,21,18,18,17,9,8,3,0
2022-03-22 23:00:00,3,2,3,4,6,4,5,3,4,0,5,5,6,4,4,2,2,3,2,17,18,17,12,10,10,6,2,1,0
2022-03-23 00:00:00,0,0,0,0,0,0,0,0,0,0,0,0,0,0,0,0,0,0,0,0,0,0,0,0,0,0,0,0,0
2022-03-23 01:00:00,0,0,0,0,0,0,0,0,0,0,0,0,0,0,0,0,0,0,0,0,0,0,0,0,0,0,0,0,0
2022-03-23 02:00:00,0,0,0,0,0,0,0,0,0,0,0,0,0,0,0,0,0,0,0,0,0,0,0,0,0,0,0,0,0
2022-03-23 03:00:00,0,0,0,0,0,0,0,0,0,0,0,0,0,0,0,0,0,0,0,0,0,0,0,0,0,0,0,0,0
2022-03-23 04:00:00,1,0,0,0,0,0,0,0,0,0,0,0,0,0,0,0,0,0,0,0,0,0,0,0,0,0,0,0,0
2022-03-23 05:00:00,1,2,4,6,8,5,6,4,7,5,5,3,2,1,2,0,2,4,5,6,3,1,0,0,1,0,0,0,0
2022-03-23 06:00:00,2,3,4,8,12,19,24,19,12,10,3,5,4,3,1,2,4,6,5,7,8,12,11,10,9,2,0,0,0
2022-03-23 07:00:00,5,7,10,18,28,35,45,34,31,34,10,10,9,5,4,6,8,12,11,13,12,15,14,13,12,13,5,8,0
2022-03-23 08:00:00,4,5,11,16,24,32,47,42,38,37,13,20,13,14,12,12,11,17,18,47,49,55,55,53,51,50,37,43,20
2022-03-23 09:00:00,4,5,4,9,12,19,24,21,17,18,11,12,9,7,7,7,7,12,12,36,37,35,35,18,36,35,36,35,0
2022-03-23 10:00:00,11,6,12,13,14,16,21,19,17,18,8,3,5,4,4,7,7,9,7,16,14,19,18,18,17,17,18,16,0
2022-03-23 11:00:00,12,3,13,15,17,15,16,17,13,15,11,10,5,6,5,3,7,8,9,36,38,42,40,39,35,35,37,35,0
2022-03-23 12:00:00,12,13,15,11,19,20,20,20,16,18,9,8,6,5,6,3,4,9,8,27,28,26,22,25,23,21,20,19,0
2022-03-23 13:00:00,6,7,9,11,12,15,17,17,16,17,8,9,6,6,8,9,7,6,8,18,16,24,22,14,20,16,15,9,0
2022-03-23 14:00:00,22,27,30,33,34,14,15,15,13,16,9,7,8,6,6,6,6,10,10,39,39,41,30,42,40,39,38,33,0
2022-03-23 15:00:00,14,23,15,14,16,36,33,29,26,18,13,8,10,8,8,9,7,10,9,19,20,28,22,18,16,10,9,7,0
2022-03-23 16:00:00,31,28,36,40,41,43,43,41,41,40,15,11,14,15,9,14,7,11,9,30,32,34,25,22,17,12,8,7,0
2022-03-23 17:00:00,40,41,43,45,46,49,47,43,43,39,14,12,11,11,12,11,15,18,17,38,39,41,36,26,22,14,12,10,0
2022-03-23 18:00:00,42,41,43,44,47,48,51,48,42,40,20,14,12,11,9,11,15,17,15,48,48,45,40,34,26,12,11,5,0
2022-03-23 19:00:00,5,6,8,11,12,11,14,13,12,11,10,9,8,7,5,6,8,7,8,42,38,42,35,26,17,11,10,8,0
2022-03-23 20:00:00,9,12,0,13,15,8,7,9,15,17,7,9,11,10,9,9,6,13,9,28,31,32,28,19,19,12,6,3,0
2022-03-23 21:00:00,8,4,5,9,10,9,8,10,9,8,2,6,5,6,6,4,4,5,4,17,17,20,16,13,13,9,6,5,0
2022-03-23 22:00:00,13,14,16,17,21,6,20,18,15,16,5,6,6,8,9,9,7,5,5,22,21,25,21,20,18,7,4,3,0
2022-03-23 23:00:00,1,2,4,2,5,0,3,3,5,5,4,6,5,8,3,4,3,2,5,17,18,17,15,14,11,6,3,1,0
2022-03-24 00:00:00,0,0,0,0,0,0,0,0,0,0,0,0,0,0,0,0,0,0,0,0,0,0,0,0,0,0,0,0,0
2022-03-24 01:00:00,0,0,0,0,0,0,0,0,0,0,0,0,0,0,0,0,0,0,0,0,0,0,0,0,0,0,0,0,0
2022-03-24 02:00:00,0,0,0,0,0,0,0,0,0,0,0,0,0,0,0,0,0,0,0,0,0,0,0,0,0,0,0,0,0
2022-03-24 03:00:00,0,0,0,0,0,0,0,0,0,0,0,0,0,0,0,0,0,0,0,0,0,0,0,0,0,0,0,0,0
2022-03-24 04:00:00,0,0,0,0,0,0,0,0,0,0,0,0,0,0,0,0,0,0,0,0,0,0,0,0,0,0,0,0,0
2022-03-24 05:00:00,1,1,3,3,4,5,8,7,5,5,3,2,2,1,3,1,4,4,4,4,2,3,2,1,1,1,0,0,0
2022-03-24 06:00:00,1,3,7,6,9,12,18,12,11,10,3,4,3,3,1,3,6,3,4,8,4,4,4,4,3,1,3,3,0
2022-03-24 07:00:00,4,4,10,15,18,27,42,35,40,31,14,8,9,8,5,7,14,14,12,22,20,22,19,18,17,15,13,11,0
2022-03-24 08:00:00,3,4,12,20,36,41,48,51,33,40,10,14,12,13,12,10,10,16,20,40,40,47,44,31,43,43,40,39,4
2022-03-24 09:00:00,3,4,5,10,12,18,23,19,18,21,12,11,7,6,8,7,7,12,10,25,25,30,22,28,23,24,21,23,2
2022-03-24 10:00:00,5,6,9,10,11,16,18,17,18,19,9,6,7,6,5,5,5,7,6,22,24,25,23,21,19,17,19,15,0
2022-03-24 11:00:00,19,12,13,7,8,12,16,17,16,14,7,8,7,10,9,7,8,10,15,46,45,47,43,46,44,43,38,38,0
2022-03-24 12:00:00,16,18,18,21,25,27,28,26,25,24,13,7,6,4,6,5,7,7,5,23,25,32,28,26,24,18,26,21,0
2022-03-24 13:00:00,8,9,7,8,10,11,14,20,21,22,13,8,5,5,5,5,6,9,8,22,22,21,19,16,15,13,15,11,0
2022-03-24 14:00:00,15,20,24,25,26,28,23,24,19,20,14,5,4,8,7,7,5,7,9,36,36,43,40,38,38,24,37,34,0
2022-03-24 15:00:00,14,10,13,17,20,23,29,27,27,26,14,12,11,10,5,6,4,6,6,23,25,27,18,19,15,9,7,6,0
2022-03-24 16:00:00,36,38,39,41,44,46,47,25,24,24,14,15,10,11,8,8,7,9,11,26,26,41,37,32,29,10,5,4,0
2022-03-24 17:00:00,43,44,46,49,50,52,54,51,52,51,17,14,11,13,13,13,13,20,23,43,42,45,43,38,30,24,20,18,0
2022-03-24 18:00:00,44,47,50,54,55,56,55,54,51,50,22,18,18,14,13,13,15,17,15,44,43,41,34,33,21,15,14,10,0
2022-03-24 19:00:00,9,10,11,11,9,12,12,10,14,14,8,8,11,10,8,8,8,12,11,34,37,41,35,32,18,11,7,6,0
2022-03-24 20:00:00,6,3,7,7,7,9,9,6,7,7,5,6,6,6,4,6,6,7,18,23,24,34,28,22,20,7,6,5,0
2022-03-24 21:00:00,14,16,10,12,17,18,19,19,16,12,8,5,5,3,3,4,3,6,2,23,22,27,20,18,15,12,5,3,0
2022-03-24 22:00:00,9,8,12,14,13,14,8,9,12,8,5,6,6,6,6,4,3,6,4,20,23,27,21,19,18,12,9,7,0
2022-03-24 23:00:00,4,1,1,6,0,4,3,3,4,2,2,3,3,3,2,2,3,4,4,23,24,26,23,19,13,5,3,2,0
2022-03-25 00:00:00,0,0,0,0,0,0,0,0,0,0,0,0,0,0,0,0,0,0,0,0,0,0,0,0,0,0,0,0,0
2022-03-25 01:00:00,0,0,0,0,0,0,0,0,0,0,0,0,0,0,0,0,0,0,0,0,0,0,0,0,0,0,0,0,0
2022-03-25 02:00:00,0,0,0,0,0,0,0,0,0,0,0,0,0,0,0,0,0,0,0,0,0,0,0,0,0,0,0,0,0
2022-03-25 03:00:00,0,0,0,0,0,0,0,0,0,0,0,0,0,0,0,0,0,0,0,0,0,0,0,0,0,0,0,0,0
2022-03-25 04:00:00,0,0,0,0,0,0,0,0,0,0,0,0,0,0,0,0,0,0,0,0,0,0,0,0,0,0,0,0,0
2022-03-25 05:00:00,1,1,3,4,5,4,8,7,8,8,6,1,1,3,2,5,4,7,5,5,4,3,2,0,2,1,0,0,0
2022-03-25 06:00:00,2,3,6,7,14,18,23,14,13,12,4,3,1,3,2,2,4,4,4,6,6,6,0,6,2,1,2,1,0
2022-03-25 07:00:00,3,4,11,15,21,27,38,35,27,26,22,7,6,5,3,6,10,12,9,12,9,13,12,13,9,11,10,3,0
2022-03-25 08:00:00,3,4,8,16,22,27,34,37,27,30,11,13,11,12,11,10,11,17,15,38,35,26,32,31,30,29,19,24,0
2022-03-25 09:00:00,5,4,8,9,12,21,23,21,19,19,11,12,10,7,8,9,9,11,8,24,21,24,22,19,8,21,20,19,0
2022-03-25 10:00:00,4,4,7,9,12,13,14,15,13,19,9,7,6,5,4,5,4,6,5,15,20,22,19,15,15,15,14,11,0
2022-03-25 11:00:00,7,4,7,9,10,13,14,14,17,13,9,5,6,5,5,4,5,9,9,22,20,28,25,25,23,20,11,18,0
2022-03-25 12:00:00,18,19,11,21,24,26,25,21,17,16,12,7,5,4,6,4,4,5,5,20,21,24,17,22,21,22,10,21,0
2022-03-25 13:00:00,7,7,15,18,13,20,20,22,20,18,9,8,8,8,9,6,6,8,6,22,24,29,27,26,25,19,18,17,4
2022-03-25 14:00:00,9,9,12,13,15,16,18,16,16,16,10,8,6,7,5,5,3,7,8,25,18,25,22,19,20,19,17,6,0
2022-03-25 15:00:00,7,9,10,12,14,13,16,12,16,16,7,6,10,8,8,7,6,11,12,23,25,27,22,19,17,10,8,3,0
2022-03-25 16:00:00,21,22,23,29,27,30,33,31,31,28,10,14,10,10,9,11,10,11,12,29,34,40,32,23,19,11,8,7,0
2022-03-25 17:00:00,32,34,36,38,42,43,41,37,33,29,16,10,8,8,7,6,8,14,15,39,42,37,29,25,21,12,9,8,0
2022-03-25 18:00:00,18,19,22,26,30,32,34,30,26,27,10,13,13,10,9,15,16,23,15,38,41,35,34,25,17,10,7,6,0
2022-03-25 19:00:00,10,3,14,17,18,8,19,17,13,12,10,13,14,14,10,10,13,17,14,43,44,46,38,31,22,10,6,2,0
2022-03-25 20:00:00,4,5,2,6,4,7,8,7,7,7,6,8,8,5,7,7,5,8,6,26,27,29,23,19,14,12,6,4,0
2022-03-25 21:00:00,5,3,8,9,4,2,4,9,7,8,7,6,5,5,4,3,3,5,4,27,26,26,22,18,15,7,5,2,0
2022-03-25 22:00:00,8,9,10,8,10,7,11,11,10,8,6,8,9,11,8,6,5,5,6,23,27,27,23,21,17,7,4,3,0
2022-03-25 23:00:00,2,0,2,5,4,0,3,2,3,1,3,3,2,3,7,2,3,4,5,20,23,23,20,17,15,9,5,4,0
2022-03-26 00:00:00,0,0,0,0,0,0,0,0,0,0,0,0,0,0,0,0,0,0,0,0,0,0,0,0,0,0,0,0,0
2022-03-26 01:00:00,0,0,0,0,0,0,0,0,0,0,0,0,0,0,0,0,0,0,0,0,0,0,0,0,0,0,0,0,0
2022-03-26 02:00:00,0,0,0,0,0,0,0,0,0,0,0,0,0,0,0,0,0,0,0,0,0,0,0,0,0,0,0,0,0
2022-03-26 03:00:00,0,0,0,0,0,0,0,0,0,0,0,0,0,0,0,0,0,0,0,0,0,0,0,0,0,0,0,0,0
2022-03-26 04:00:00,0,0,0,0,0,0,0,0,0,0,0,0,0,0,0,0,0,0,0,0,0,0,0,0,0,0,0,0,0
2022-03-26 05:00:00,1,1,3,5,6,7,6,5,4,3,3,2,3,1,0,0,1,3,3,4,1,3,1,0,0,0,0,0,0
2022-03-26 06:00:00,1,0,1,3,6,7,8,7,8,7,3,2,1,2,1,0,2,3,1,3,2,4,3,1,0,2,3,0,0
2022-03-26 07:00:00,2,1,3,4,5,7,9,10,11,9,5,6,2,3,3,2,4,4,3,3,1,3,0,1,2,1,0,0,0
2022-03-26 08:00:00,2,3,5,10,13,15,16,17,15,15,8,7,8,9,2,5,3,6,7,7,6,7,6,7,6,5,2,1,0
2022-03-26 09:00:00,2,4,9,12,16,17,23,23,21,21,12,10,9,9,6,8,6,10,7,12,14,14,13,10,8,7,4,6,0
2022-03-26 10:00:00,5,6,9,14,17,19,29,27,26,22,10,9,7,1,3,2,3,6,3,8,9,11,6,5,3,4,1,0,0
2022-03-26 11:00:00,10,7,9,13,16,18,28,29,29,29,12,10,5,9,7,6,9,12,9,13,12,16,13,9,11,8,6,4,0
2022-03-26 12:00:00,7,11,14,14,19,22,27,25,22,23,12,13,9,6,6,6,8,12,9,17,17,17,16,14,12,6,5,2,0
2022-03-26 13:00:00,4,5,8,9,14,15,20,18,16,18,10,9,6,7,6,8,11,15,12,15,16,22,20,16,18,14,12,11,0
2022-03-26 14:00:00,3,3,5,9,6,13,17,14,14,15,13,10,9,7,7,8,7,10,9,18,16,17,14,13,10,7,5,3,0
2022-03-26 15:00:00,6,8,11,12,13,16,18,18,16,19,10,11,10,12,8,8,7,10,11,21,24,20,18,13,10,9,4,8,0
2022-03-26 16:00:00,9,6,14,18,16,19,21,19,16,18,10,10,9,11,9,9,10,12,12,27,30,33,25,24,19,13,12,6,0
2022-03-26 17:00:00,3,5,6,10,14,15,19,19,23,27,17,15,10,8,8,7,9,14,13,27,32,41,33,28,28,20,10,7,0
2022-03-26 18:00:00,5,13,15,12,17,18,18,16,12,15,11,11,13,8,12,10,10,9,9,27,27,28,24,22,18,11,6,3,0
2022-03-26 19:00:00,5,8,3,11,11,12,12,11,15,16,10,9,10,11,12,10,9,7,6,22,22,25,21,20,18,12,7,5,0
2022-03-26 20:00:00,2,3,4,5,6,5,5,5,6,4,5,9,7,6,6,4,5,15,13,24,22,22,19,15,13,5,3,2,0
2022-03-26 21:00:00,4,0,6,9,10,6,9,8,7,5,7,7,9,9,9,10,9,10,7,21,22,20,15,12,11,8,4,2,0
2022-03-26 22:00:00,5,7,10,13,4,3,6,11,12,9,4,6,2,4,2,2,4,3,4,21,22,32,26,22,19,8,6,0,0
2022-03-26 23:00:00,1,0,1,2,3,3,4,2,5,3,7,2,4,6,7,5,3,3,2,27,17,28,23,20,14,7,6,3,0
2022-03-27 00:00:00,0,0,0,0,0,0,0,0,0,0,0,0,0,0,0,0,0,0,0,0,0,0,0,0,0,0,0,0,0
2022-03-27 01:00:00,0,0,0,0,0,0,0,0,0,0,0,0,0,0,0,0,0,0,0,0,0,0,0,0,0,0,0,0,0
2022-03-27 02:00:00,0,0,0,0,0,0,0,0,0,0,0,0,0,0,0,0,0,0,0,0,0,0,0,0,0,0,0,0,0
2022-03-27 03:00:00,0,0,0,0,0,0,0,0,0,0,0,0,0,0,0,0,0,0,0,0,0,0,0,0,0,0,0,0,0
2022-03-27 04:00:00,1,0,0,0,0,0,0,0,0,0,0,0,0,0,0,0,0,0,0,0,0,0,0,0,0,0,0,0,0
2022-03-27 05:00:00,1,0,3,3,2,3,4,1,2,3,2,0,0,0,2,2,2,4,4,5,3,1,2,0,0,0,0,0,0
2022-03-27 06:00:00,1,0,3,2,4,4,5,3,5,4,2,1,1,2,1,0,1,1,3,2,1,3,0,1,0,0,0,1,0
2022-03-27 07:00:00,1,2,5,5,6,8,6,6,7,6,3,2,0,2,0,2,1,3,0,3,4,5,2,2,1,2,1,0,0
2022-03-27 08:00:00,3,6,9,18,22,23,24,22,22,22,8,3,5,1,6,7,8,9,7,8,2,6,6,5,5,5,3,2,0
2022-03-27 09:00:00,1,4,5,7,9,16,17,16,11,12,6,7,3,3,3,5,3,5,6,9,7,5,3,3,1,3,1,2,0
2022-03-27 10:00:00,3,4,4,5,7,11,14,10,15,13,6,6,5,6,7,6,8,7,6,11,12,14,15,12,10,6,5,0,0
2022-03-27 11:00:00,4,5,7,11,11,13,19,17,17,13,10,9,5,3,2,4,5,8,6,17,17,21,21,19,18,17,16,14,0
2022-03-27 12:00:00,2,4,9,15,17,21,21,20,17,17,12,12,12,8,6,4,7,9,8,10,10,16,13,6,8,6,4,0,0
2022-03-27 13:00:00,2,2,6,7,9,15,19,17,20,17,11,11,7,3,3,4,4,6,4,9,8,12,8,8,7,6,5,4,0
2022-03-27 14:00:00,3,5,7,6,8,12,14,11,9,9,11,7,10,8,7,5,6,6,5,12,11,16,14,9,6,4,3,1,0
2022-03-27 15:00:00,1,3,6,7,9,13,12,14,14,16,11,8,6,4,4,3,6,9,9,14,14,17,20,18,16,15,12,9,0
2022-03-27 16:00:00,2,3,4,12,14,15,12,16,13,14,7,6,6,11,10,9,8,10,8,19,24,22,18,17,15,9,7,5,0
2022-03-27 17:00:00,3,4,5,8,9,10,12,13,11,12,7,8,7,8,8,7,8,11,22,26,25,34,29,26,19,11,10,6,0
2022-03-27 18:00:00,11,2,6,6,9,12,13,5,16,17,10,9,9,10,11,6,7,5,4,23,26,32,29,22,20,13,9,4,0
2022-03-27 19:00:00,4,5,5,6,7,6,8,7,8,6,6,7,9,10,9,6,4,6,4,18,18,23,21,12,16,13,11,4,9
2022-03-27 20:00:00,4,6,7,2,0,5,10,11,11,10,8,5,7,6,5,4,4,5,3,22,21,25,19,18,15,11,4,2,0
2022-03-27 21:00:00,2,10,11,3,12,5,2,7,5,5,5,4,3,5,4,2,3,4,3,19,16,22,17,13,8,8,7,6,0
2022-03-27 22:00:00,4,3,2,5,3,5,2,4,5,3,4,3,4,2,2,1,2,3,4,19,19,20,17,16,12,10,5,3,0
2022-03-27 23:00:00,1,1,1,2,4,0,5,1,0,3,5,4,1,3,2,1,1,2,2,12,11,19,16,14,13,6,4,2,0
2022-03-28 00:00:00,0,0,0,0,0,0,0,0,0,0,0,0,0,0,0,0,0,0,0,0,0,0,0,0,0,0,0,0,0
2022-03-28 01:00:00,0,0,0,0,0,0,0,0,0,0,0,0,0,0,0,0,0,0,0,0,0,0,0,0,0,0,0,0,0
2022-03-28 02:00:00,0,0,0,0,0,0,0,0,0,0,0,0,0,0,0,0,0,0,0,0,0,0,0,0,0,0,0,0,0
2022-03-28 03:00:00,0,0,0,0,0,0,0,0,0,0,0,0,0,0,0,0,0,0,0,0,0,0,0,0,0,0,0,0,0
2022-03-28 04:00:00,0,0,0,0,0,0,0,0,0,0,0,0,0,0,0,0,0,0,0,0,0,0,0,0,0,0,0,0,0
2022-03-28 05:00:00,1,0,2,4,5,6,8,5,6,5,3,3,4,3,4,3,4,3,2,2,2,4,2,1,1,0,0,0,0
2022-03-28 06:00:00,2,1,5,9,13,19,22,19,20,18,6,4,2,4,2,2,5,6,5,4,5,6,5,3,0,4,2,1,0
2022-03-28 07:00:00,5,6,17,24,26,30,41,37,32,29,14,14,9,7,7,7,8,14,10,11,12,17,19,8,20,18,16,8,0
2022-03-28 08:00:00,3,5,7,11,19,27,36,36,31,31,10,13,14,12,13,12,14,21,16,28,27,28,25,22,27,26,25,24,0
2022-03-28 09:00:00,3,4,8,10,13,21,27,24,18,20,11,13,8,8,7,7,9,33,13,41,42,45,30,44,43,41,41,39,8
2022-03-28 10:00:00,1,2,4,9,10,13,15,13,11,12,8,8,4,6,5,6,5,8,6,15,17,22,18,15,11,12,10,9,0
2022-03-28 11:00:00,19,5,19,20,22,25,32,28,27,12,7,7,5,7,8,6,9,19,11,48,49,50,49,36,40,37,24,45,0
2022-03-28 12:00:00,7,7,23,24,26,29,30,29,25,24,7,10,10,4,10,6,8,11,11,26,27,27,28,27,25,21,20,15,0
2022-03-28 13:00:00,9,6,10,11,14,18,18,17,17,15,8,7,6,5,7,8,7,9,7,29,24,33,32,25,23,20,19,14,0
2022-03-28 14:00:00,14,12,13,14,15,16,15,14,14,16,9,6,4,6,5,3,5,11,6,31,29,31,27,26,25,23,19,19,0
2022-03-28 15:00:00,7,8,15,14,16,17,19,18,19,18,9,6,10,14,12,10,12,17,14,27,28,34,27,21,14,9,6,5,0
2022-03-28 16:00:00,33,22,21,27,24,29,31,32,26,26,11,11,8,9,10,9,9,11,12,27,31,38,32,24,15,18,14,12,0
2022-03-28 17:00:00,42,45,47,50,53,55,57,52,47,47,22,14,7,8,8,10,13,19,11,32,32,37,32,29,20,11,9,7,0
2022-03-28 18:00:00,25,35,35,38,41,32,40,37,32,31,21,13,13,11,11,14,13,18,13,43,43,42,36,32,20,16,7,7,0
2022-03-28 19:00:00,14,4,11,15,16,18,23,19,16,16,11,10,14,14,15,12,9,12,10,46,46,46,34,29,18,14,9,8,0
2022-03-28 20:00:00,14,5,16,17,10,18,18,16,17,8,5,8,7,7,8,8,7,9,9,25,24,27,22,20,16,10,7,5,3
2022-03-28 21:00:00,8,7,7,10,11,8,12,6,10,2,7,7,4,6,5,2,3,4,4,24,26,27,24,14,13,6,5,1,0
2022-03-28 22:00:00,16,19,22,25,27,8,25,24,20,8,12,11,9,10,7,6,4,5,5,25,25,30,24,22,20,15,7,6,0
2022-03-28 23:00:00,4,1,3,11,12,4,13,12,10,9,5,4,1,5,4,2,3,4,0,14,15,16,13,11,7,6,3,2,0
2022-03-29 00:00:00,0,0,0,0,0,0,0,0,0,0,0,0,0,0,0,0,0,0,0,0,0,0,0,0,0,0,0,0,0
2022-03-29 01:00:00,0,0,0,0,0,0,0,0,0,0,0,0,0,0,0,0,0,0,0,0,0,0,0,0,0,0,0,0,0
2022-03-29 02:00:00,0,0,0,0,0,0,0,0,0,0,0,0,0,0,0,0,0,0,0,0,0,0,0,0,0,0,0,0,0
2022-03-29 03:00:00,0,0,0,0,0,0,0,0,0,0,0,0,0,0,0,0,0,0,0,0,0,0,0,0,0,0,0,0,0
2022-03-29 04:00:00,1,0,0,0,0,0,0,0,0,0,0,0,0,0,0,0,0,0,0,0,0,0,0,0,0,0,0,0,0
2022-03-29 05:00:00,1,2,4,3,6,7,9,9,6,7,4,3,2,1,2,2,1,3,3,4,2,2,0,1,1,0,0,0,0
2022-03-29 06:00:00,2,3,5,8,10,15,21,20,14,15,5,3,3,3,3,3,4,6,4,7,8,10,4,8,7,6,5,2,0
2022-03-29 07:00:00,3,4,11,20,33,45,55,51,44,42,14,15,8,5,6,7,9,10,7,16,15,19,18,14,13,14,16,13,0
2022-03-29 08:00:00,4,9,12,20,29,33,38,35,34,47,13,14,13,12,11,9,14,17,18,45,45,46,45,44,43,41,45,41,0
2022-03-29 09:00:00,2,3,7,10,14,19,25,24,22,22,7,7,6,5,6,5,8,11,11,44,45,47,29,46,44,21,26,40,0
2022-03-29 10:00:00,8,9,13,14,15,17,21,18,15,15,7,6,5,5,4,5,6,7,6,37,35,34,33,31,29,31,8,29,0
2022-03-29 11:00:00,15,12,13,16,16,20,23,21,20,23,13,7,8,6,5,6,7,10,11,37,36,37,34,33,35,34,32,28,0
2022-03-29 12:00:00,11,13,12,14,16,18,18,17,17,16,11,6,6,5,5,6,4,6,6,17,16,18,16,6,7,13,22,18,0
2022-03-29 13:00:00,9,8,11,15,17,19,18,16,15,16,13,9,8,8,4,9,10,12,9,23,25,28,27,26,16,20,13,19,6
2022-03-29 14:00:00,14,10,11,17,19,20,21,20,17,19,11,7,8,8,8,9,11,12,11,39,40,44,40,39,36,35,34,26,0
2022-03-29 15:00:00,22,24,24,25,26,28,29,26,25,25,16,10,7,7,6,6,5,5,5,21,23,37,32,25,23,13,10,11,0
2022-03-29 16:00:00,32,34,34,38,40,31,32,40,30,32,15,15,14,15,16,15,10,12,11,32,37,40,36,31,23,16,10,9,0
2022-03-29 17:00:00,46,44,50,49,39,50,50,47,46,46,33,13,12,13,12,12,12,15,13,37,34,38,34,27,20,14,10,8,0
2022-03-29 18:00:00,32,34,39,41,42,44,45,41,34,33,21,17,14,13,12,11,12,20,15,48,49,49,40,35,27,17,12,10,0
2022-03-29 19:00:00,10,5,11,13,14,17,18,15,12,14,10,16,12,13,13,11,8,10,11,47,47,50,43,35,25,13,9,6,0
2022-03-29 20:00:00,15,0,17,18,9,19,22,21,21,5,8,6,13,15,14,12,8,11,10,29,29,29,25,21,17,8,5,4,0
2022-03-29 21:00:00,7,9,5,11,8,2,12,11,6,12,5,8,8,6,5,4,6,5,4,22,22,24,19,16,14,6,4,3,0
2022-03-29 22:00:00,13,20,10,24,10,25,26,23,19,18,9,8,7,11,10,8,6,8,9,37,35,36,30,27,24,19,12,9,0
2022-03-29 23:00:00,1,1,3,5,5,4,4,2,2,5,2,3,4,3,2,2,2,2,3,18,10,25,23,17,13,6,3,2,0
2022-03-30 00:00:00,0,0,0,0,0,0,0,0,0,0,0,0,0,0,0,0,0,0,0,0,0,0,0,0,0,0,0,0,0
2022-03-30 01:00:00,0,0,0,0,0,0,0,0,0,0,0,0,0,0,0,0,0,0,0,0,0,0,0,0,0,0,0,0,0
2022-03-30 02:00:00,0,0,0,0,0,0,0,0,0,0,0,0,0,0,0,0,0,0,0,0,0,0,0,0,0,0,0,0,0
2022-03-30 03:00:00,0,0,0,0,0,0,0,0,0,0,0,0,0,0,0,0,0,0,0,0,0,0,0,0,0,0,0,0,0
2022-03-30 04:00:00,1,0,0,0,0,0,0,0,0,0,0,0,0,0,0,0,0,0,0,0,0,0,0,0,0,0,0,0,0
2022-03-30 05:00:00,1,1,4,7,9,10,11,7,7,7,4,3,3,1,2,2,3,4,3,2,2,1,3,2,0,2,1,1,0
2022-03-30 06:00:00,2,1,6,12,15,18,24,23,15,16,7,6,4,2,1,3,4,5,3,4,3,5,1,4,4,2,3,2,0
2022-03-30 07:00:00,5,4,11,15,24,29,42,37,38,36,15,11,8,7,7,9,9,15,9,19,13,22,21,14,7,13,10,7,0
2022-03-30 08:00:00,3,4,8,13,21,28,41,36,29,31,13,20,17,16,15,8,13,22,17,41,43,44,42,38,43,43,42,37,0
2022-03-30 09:00:00,2,3,6,10,15,25,29,27,26,24,12,22,8,7,7,6,6,11,8,35,37,38,36,32,34,33,35,36,0
2022-03-30 10:00:00,9,3,10,12,13,14,19,17,13,16,8,7,8,6,2,3,4,5,4,15,16,17,16,15,15,15,10,4,0
2022-03-30 11:00:00,12,6,15,18,22,11,23,21,18,18,10,7,5,2,4,4,6,7,10,46,48,57,41,55,54,52,51,46,0
2022-03-30 12:00:00,13,8,16,18,21,22,24,22,20,21,9,7,6,5,9,10,14,19,14,21,24,29,25,23,20,17,16,15,0
2022-03-30 13:00:00,7,6,9,13,16,17,20,18,17,17,10,9,9,6,7,6,8,11,10,25,22,26,25,23,21,17,15,8,0
2022-03-30 14:00:00,15,17,13,14,16,17,17,15,13,15,9,9,8,7,8,9,11,16,10,39,38,43,45,42,38,39,34,35,0
2022-03-30 15:00:00,22,9,23,22,22,23,23,21,22,21,10,10,8,10,8,6,6,8,7,19,23,27,19,18,15,11,10,8,0
2022-03-30 16:00:00,34,24,38,44,48,50,40,46,42,38,15,11,12,13,12,12,10,12,10,32,37,39,32,27,19,12,9,7,0
2022-03-30 17:00:00,39,40,42,46,47,48,49,44,40,41,14,10,9,10,9,9,12,15,12,29,33,36,30,28,21,15,9,8,0
2022-03-30 18:00:00,27,30,31,34,36,37,38,40,38,39,17,16,15,10,9,10,11,16,16,47,46,49,42,34,24,14,10,9,1
2022-03-30 19:00:00,7,9,3,12,15,16,18,17,13,14,8,7,6,7,6,4,6,9,10,38,43,46,40,32,22,15,8,6,0
2022-03-30 20:00:00,9,4,5,11,9,12,1,11,10,7,5,8,6,7,8,7,5,5,5,28,30,33,25,20,15,9,6,5,0
2022-03-30 21:00:00,9,9,10,12,9,15,17,16,8,15,6,4,6,6,4,6,4,7,8,22,22,24,20,20,15,11,6,5,0
2022-03-30 22:00:00,13,2,7,10,14,13,13,12,11,13,5,6,6,6,7,7,6,11,10,23,22,24,20,17,13,7,5,3,0
2022-03-30 23:00:00,2,2,0,2,2,1,1,1,3,3,3,6,7,9,2,8,5,3,3,18,19,19,16,12,11,8,4,2,0
2022-03-31 00:00:00,0,0,0,0,0,0,0,0,0,0,0,0,0,0,0,0,0,0,0,0,0,0,0,0,0,0,0,0,0
2022-03-31 01:00:00,0,0,0,0,0,0,0,0,0,0,0,0,0,0,0,0,0,0,0,0,0,0,0,0,0,0,0,0,0
2022-03-31 02:00:00,0,0,0,0,0,0,0,0,0,0,0,0,0,0,0,0,0,0,0,0,0,0,0,0,0,0,0,0,0
2022-03-31 03:00:00,0,0,0,0,0,0,0,0,0,0,0,0,0,0,0,0,0,0,0,0,0,0,0,0,0,0,0,0,0
2022-03-31 04:00:00,0,0,0,0,0,0,0,0,0,0,0,0,0,0,0,0,0,0,0,0,0,0,0,0,0,0,0,0,0
2022-03-31 05:00:00,1,1,5,7,6,7,9,8,7,7,5,2,0,1,1,4,3,6,5,4,1,1,0,0,0,0,0,0,0
2022-03-31 06:00:00,2,1,8,12,13,18,24,22,15,10,6,3,4,3,1,4,4,5,3,5,4,5,2,1,0,4,3,0,0
2022-03-31 07:00:00,4,4,11,18,28,42,47,41,34,34,10,11,8,4,5,4,9,11,9,22,20,27,24,19,22,18,21,19,1
2022-03-31 08:00:00,3,6,10,16,28,32,43,39,40,45,22,26,23,21,18,11,9,12,12,37,38,42,41,41,37,36,34,20,0
2022-03-31 09:00:00,3,3,7,8,15,20,23,20,20,23,12,12,8,6,8,5,7,12,10,31,15,30,30,28,25,23,28,17,0
2022-03-31 10:00:00,4,5,6,10,11,18,21,18,18,16,8,10,7,8,9,7,4,6,6,16,20,21,18,13,20,18,19,18,0
2022-03-31 11:00:00,16,16,9,19,22,24,24,22,24,25,7,6,6,4,3,5,8,8,10,44,34,44,40,43,44,28,41,37,8
2022-03-31 12:00:00,8,15,17,22,26,27,29,26,24,24,11,7,6,8,5,6,5,6,6,21,22,25,24,23,21,17,17,15,0
2022-03-31 13:00:00,13,14,17,9,18,12,17,16,15,19,9,7,5,5,6,6,6,8,7,21,22,26,24,20,19,18,17,14,0
2022-03-31 14:00:00,21,24,28,30,31,34,33,21,18,20,7,7,5,6,7,7,7,8,9,31,31,34,29,28,27,26,25,23,0
2022-03-31 15:00:00,17,10,18,19,21,21,21,30,28,28,15,9,10,10,6,5,4,7,7,25,23,32,26,16,15,10,7,6,0
2022-03-31 16:00:00,33,21,25,30,30,28,29,27,29,27,14,12,14,14,16,15,13,15,11,37,34,37,32,27,20,14,9,9,0
2022-03-31 17:00:00,35,37,40,42,43,45,44,42,38,37,17,11,12,11,9,12,13,15,13,39,40,37,36,29,25,16,14,13,0
2022-03-31 18:00:00,22,25,28,28,31,28,29,29,34,33,14,13,13,17,16,15,13,18,17,47,48,45,36,29,23,15,12,9,0
2022-03-31 19:00:00,10,4,13,14,16,19,20,19,13,12,10,9,10,8,7,6,8,11,8,43,42,44,34,27,18,10,7,5,0
2022-03-31 20:00:00,10,6,8,9,10,9,8,7,9,11,5,6,11,5,12,12,9,8,10,23,29,28,26,22,19,10,6,5,0
2022-03-31 21:00:00,20,3,5,14,11,18,11,16,12,11,10,10,10,5,5,4,3,6,5,21,26,27,20,17,13,9,4,4,0
2022-03-31 22:00:00,20,19,18,19,27,0,20,26,24,22,15,14,14,13,10,7,5,7,5,25,24,26,20,16,12,8,6,4,0
2022-03-31 23:00:00,1,0,1,11,4,2,2,10,0,3,5,10,4,3,8,7,7,4,0,19,19,21,18,13,11,7,2,2,0
2022-04-01 00:00:00,0,0,0,0,0,0,0,0,0,0,0,0,0,0,0,0,0,0,0,0,0,0,0,0,0,0,0,0,0
2022-04-01 01:00:00,0,0,0,0,0,0,0,0,0,0,0,0,0,0,0,0,0,0,0,0,0,0,0,0,0,0,0,0,0
2022-04-01 02:00:00,0,0,0,0,0,0,0,0,0,0,0,0,0,0,0,0,0,0,0,0,0,0,0,0,0,0,0,0,0
2022-04-01 03:00:00,0,0,0,0,0,0,0,0,0,0,0,0,0,0,0,0,0,0,0,0,0,0,0,0,0,0,0,0,0
2022-04-01 04:00:00,0,0,0,0,0,0,0,0,0,0,0,0,0,0,0,0,0,0,0,0,0,0,0,0,0,0,0,0,0
2022-04-01 05:00:00,2,1,3,4,5,6,9,2,7,9,3,2,3,2,2,3,2,3,1,4,3,3,2,0,1,0,0,0,0
2022-04-01 06:00:00,2,1,5,9,12,16,17,17,11,12,5,5,4,5,2,3,4,4,4,4,5,5,4,3,0,3,5,3,0
2022-04-01 07:00:00,4,6,12,20,26,33,41,37,40,42,12,15,8,5,5,5,10,12,11,14,14,19,18,12,19,10,18,17,0
2022-04-01 08:00:00,3,4,11,16,29,36,42,41,33,34,13,15,13,11,10,12,17,28,21,34,32,34,30,31,29,29,30,26,0
2022-04-01 09:00:00,3,4,5,9,13,20,24,21,20,16,10,12,7,5,4,5,6,8,9,27,25,24,23,22,16,19,20,8,0
2022-04-01 10:00:00,3,4,9,13,15,16,17,20,15,14,6,7,4,4,2,2,4,4,4,14,12,16,12,14,13,13,11,0,0
2022-04-01 11:00:00,12,2,10,12,15,17,22,19,14,15,9,8,8,10,11,12,9,7,8,24,27,26,21,16,20,19,17,12,0
2022-04-01 12:00:00,24,5,13,28,30,34,35,32,27,26,13,8,4,6,6,5,6,12,5,21,20,22,19,16,15,11,14,12,0
2022-04-01 13:00:00,11,9,17,18,20,21,24,23,24,25,12,10,7,8,6,8,7,9,9,31,34,36,33,32,29,24,23,20,0
2022-04-01 14:00:00,7,5,7,11,13,14,19,16,13,15,12,9,8,6,5,5,6,7,6,22,26,31,18,28,14,23,10,19,1
2022-04-01 15:00:00,6,6,9,11,12,13,15,16,17,15,5,7,7,8,7,6,5,8,6,18,22,22,19,13,17,15,14,10,0
2022-04-01 16:00:00,25,26,30,32,33,38,39,39,34,35,32,11,11,14,13,13,11,15,11,29,33,37,30,24,18,13,6,4,0
2022-04-01 17:00:00,31,32,36,34,38,41,45,38,39,42,16,11,11,9,11,10,8,14,13,47,46,48,33,28,23,16,13,10,0
2022-04-01 18:00:00,18,25,30,35,36,34,37,37,37,37,15,13,10,10,9,11,11,15,12,40,39,51,45,38,26,13,10,8,0
2022-04-01 19:00:00,6,2,7,9,10,11,13,14,15,16,10,10,8,9,7,4,6,8,8,40,41,43,38,33,18,11,8,7,0
2022-04-01 20:00:00,8,9,3,10,11,11,10,11,12,14,4,6,7,6,6,6,5,8,9,21,19,27,19,15,16,13,8,4,0
2022-04-01 21:00:00,5,2,7,10,11,12,13,12,11,12,7,6,7,6,5,4,3,3,4,23,22,29,25,22,17,9,6,2,0
2022-04-01 22:00:00,19,20,11,23,24,23,21,18,19,20,17,16,6,16,14,10,5,9,8,33,24,32,23,17,15,9,4,6,0
2022-04-01 23:00:00,1,1,0,6,7,0,4,0,6,0,5,4,4,5,6,3,7,2,1,22,19,24,19,17,14,7,5,3,0
2022-04-02 00:00:00,0,0,0,0,0,0,0,0,0,0,0,0,0,0,0,0,0,0,0,0,0,0,0,0,0,0,0,0,0
2022-04-02 01:00:00,0,0,0,0,0,0,0,0,0,0,0,0,0,0,0,0,0,0,0,0,0,0,0,0,0,0,0,0,0
2022-04-02 02:00:00,0,0,0,0,0,0,0,0,0,0,0,0,0,0,0,0,0,0,0,0,0,0,0,0,0,0,0,0,0
2022-04-02 03:00:00,0,0,0,0,0,0,0,0,0,0,0,0,0,0,0,0,0,0,0,0,0,0,0,0,0,0,0,0,0
2022-04-02 04:00:00,1,0,0,0,0,0,0,0,0,0,0,0,0,0,0,0,0,0,0,0,0,0,0,0,0,0,0,0,0
2022-04-02 05:00:00,1,0,3,4,3,4,5,6,7,7,4,2,3,1,2,1,2,4,3,3,1,0,0,0,0,3,4,0,0
2022-04-02 06:00:00,1,2,4,3,3,5,5,4,7,6,3,2,0,1,0,2,2,3,2,6,5,5,4,4,5,8,9,8,0
2022-04-02 07:00:00,3,2,5,7,8,12,12,14,13,15,5,5,3,3,1,2,3,4,3,4,3,5,5,4,3,2,2,1,0
2022-04-02 08:00:00,3,5,10,13,15,18,21,18,18,17,5,6,4,4,5,4,6,8,6,8,4,9,6,4,6,5,4,1,0
2022-04-02 09:00:00,2,4,9,18,20,24,30,26,23,20,11,9,7,8,7,8,10,11,10,14,16,18,16,12,11,8,7,6,0
2022-04-02 10:00:00,5,2,8,16,22,27,33,35,30,29,24,13,6,4,1,8,10,12,3,8,11,11,10,7,7,6,5,2,0
2022-04-02 11:00:00,5,9,11,15,21,27,33,28,24,29,13,14,9,10,9,11,16,26,20,22,17,19,14,13,12,7,4,3,0
2022-04-02 12:00:00,3,5,12,15,21,29,32,26,24,25,11,12,10,6,7,9,8,14,11,16,18,26,21,19,11,8,9,4,0
2022-04-02 13:00:00,3,6,9,15,17,19,25,23,22,24,10,11,8,8,7,6,11,14,10,24,17,27,17,14,10,7,6,4,0
2022-04-02 14:00:00,4,4,6,10,15,17,20,18,16,17,8,8,15,11,13,11,13,12,8,15,20,19,15,10,12,10,5,3,0
2022-04-02 15:00:00,2,2,4,7,12,15,17,19,16,16,10,8,10,11,12,11,10,4,6,22,24,26,22,20,14,9,4,1,0
2022-04-02 16:00:00,6,4,7,9,13,14,17,16,15,17,9,5,8,9,10,10,11,10,11,29,26,32,29,20,16,13,6,5,0
2022-04-02 17:00:00,5,7,9,16,17,21,18,19,16,18,13,11,9,14,11,9,11,14,13,33,44,44,37,31,27,12,8,5,0
2022-04-02 18:00:00,8,3,7,9,11,13,12,11,12,14,12,12,9,13,14,14,9,10,12,29,31,38,32,28,22,12,5,4,0
2022-04-02 19:00:00,2,5,8,8,7,9,7,5,12,15,8,8,11,10,9,6,6,6,5,20,24,27,17,14,21,14,8,4,0
2022-04-02 20:00:00,1,1,3,6,1,5,8,7,9,8,3,4,6,7,6,5,5,6,15,22,19,24,20,19,13,16,11,2,0
2022-04-02 21:00:00,2,0,2,1,2,2,3,5,5,3,8,6,6,9,8,6,4,5,2,20,20,28,26,23,17,8,4,4,0
2022-04-02 22:00:00,1,1,2,3,3,4,2,2,5,5,6,9,8,7,6,5,3,4,3,21,22,24,18,16,13,10,6,4,0
2022-04-02 23:00:00,0,0,1,5,2,0,1,0,6,0,5,6,1,3,5,4,4,4,7,22,23,24,20,15,13,9,5,0,0
2022-04-03 00:00:00,0,0,0,0,0,0,0,0,0,0,0,0,0,0,0,0,0,0,0,0,0,0,0,0,0,0,0,0,0
2022-04-03 01:00:00,0,0,0,0,0,0,0,0,0,0,0,0,0,0,0,0,0,0,0,0,0,0,0,0,0,0,0,0,0
2022-04-03 02:00:00,0,0,0,0,0,0,0,0,0,0,0,0,0,0,0,0,0,0,0,0,0,0,0,0,0,0,0,0,0
2022-04-03 03:00:00,0,0,0,0,0,0,0,0,0,0,0,0,0,0,0,0,0,0,0,0,0,0,0,0,0,0,0,0,0
2022-04-03 04:00:00,1,0,0,0,0,0,0,0,0,0,0,0,0,0,0,0,0,0,0,0,0,0,0,0,0,0,0,0,0
2022-04-03 05:00:00,1,0,3,3,3,5,6,5,3,5,4,2,3,3,0,2,2,3,2,4,1,4,3,1,1,0,0,0,0
2022-04-03 06:00:00,1,0,2,3,0,4,4,5,7,4,4,0,2,3,2,1,2,1,1,2,1,3,1,0,0,1,0,0,0
2022-04-03 07:00:00,1,1,5,6,9,11,12,4,9,10,3,3,2,2,1,2,3,4,3,3,3,2,0,2,0,2,0,0,0
2022-04-03 08:00:00,1,2,5,7,11,12,14,10,8,12,4,2,2,1,2,2,7,9,8,8,7,7,6,5,5,4,3,2,0
2022-04-03 09:00:00,3,5,9,7,13,14,18,17,14,17,11,10,2,2,2,5,6,8,7,7,6,7,6,4,4,3,2,1,0
2022-04-03 10:00:00,4,5,4,8,10,13,17,16,15,16,10,7,4,3,4,5,6,9,10,9,7,10,8,7,5,6,4,3,0
2022-04-03 11:00:00,4,0,5,7,11,16,21,22,18,16,11,11,6,4,1,4,4,10,10,10,12,11,9,9,5,10,12,1,0
2022-04-03 12:00:00,3,4,8,9,12,13,21,20,17,16,10,9,5,5,7,4,6,16,11,14,19,20,15,16,14,11,8,2,0
2022-04-03 13:00:00,6,7,5,10,14,16,18,17,19,19,11,11,9,5,4,7,6,10,11,14,14,16,13,10,8,8,10,2,0
2022-04-03 14:00:00,4,8,12,13,14,17,18,17,18,21,15,11,5,5,5,4,7,7,6,11,14,17,14,13,10,5,3,4,0
2022-04-03 15:00:00,2,2,2,7,8,12,13,13,14,13,6,4,7,8,7,6,7,7,6,18,20,23,18,13,11,6,3,0,0
2022-04-03 16:00:00,11,12,14,16,14,18,23,24,20,19,15,16,12,9,8,6,7,8,6,25,28,27,21,20,19,13,5,4,0
2022-04-03 17:00:00,5,6,7,4,6,15,16,16,10,13,10,9,8,10,9,7,8,10,9,25,25,33,29,25,19,12,7,5,0
2022-04-03 18:00:00,4,7,8,7,10,13,15,18,15,10,11,11,9,10,13,12,11,10,9,25,26,29,25,19,15,10,8,4,0
2022-04-03 19:00:00,1,1,3,5,6,7,8,7,6,5,4,4,6,8,5,5,5,4,11,17,20,22,18,17,12,7,3,2,0
2022-04-03 20:00:00,2,0,3,4,4,5,5,4,5,5,4,3,5,5,6,8,5,6,3,17,15,25,17,14,12,10,7,2,0
2022-04-03 21:00:00,1,7,12,5,12,11,7,7,7,6,5,4,4,5,3,3,5,2,3,20,14,19,18,13,11,8,5,4,0
2022-04-03 22:00:00,0,1,1,1,2,5,6,1,6,3,4,5,4,4,2,3,2,1,2,15,17,19,16,12,11,8,4,3,0
2022-04-03 23:00:00,2,0,1,2,0,2,3,1,2,0,2,4,0,5,0,4,3,2,2,19,20,21,18,16,15,8,4,3,0
2022-04-04 00:00:00,0,0,0,0,0,0,0,0,0,0,0,0,0,0,0,0,0,0,0,0,0,0,0,0,0,0,0,0,0
2022-04-04 01:00:00,0,0,0,0,0,0,0,0,0,0,0,0,0,0,0,0,0,0,0,0,0,0,0,0,0,0,0,0,0
2022-04-04 02:00:00,0,0,0,0,0,0,0,0,0,0,0,0,0,0,0,0,0,0,0,0,0,0,0,0,0,0,0,0,0
2022-04-04 03:00:00,0,0,0,0,0,0,0,0,0,0,0,0,0,0,0,0,0,0,0,0,0,0,0,0,0,0,0,0,0
2022-04-04 04:00:00,0,0,0,0,0,0,0,0,0,0,0,0,0,0,0,0,0,0,0,0,0,0,0,0,0,0,0,0,0
2022-04-04 05:00:00,1,1,4,6,7,6,10,6,6,7,5,3,2,1,2,2,2,3,2,4,2,3,0,2,2,0,0,0,0
2022-04-04 06:00:00,2,2,5,8,10,14,16,15,11,13,8,6,5,3,3,6,5,6,3,4,3,6,5,2,1,4,3,1,0
2022-04-04 07:00:00,3,5,11,16,20,26,36,36,34,36,15,13,12,8,9,8,12,15,9,13,12,17,19,18,18,16,10,10,0
2022-04-04 08:00:00,3,3,7,12,16,26,33,29,25,27,12,26,22,21,18,11,10,18,14,27,31,32,22,19,31,29,13,29,0
2022-04-04 09:00:00,3,4,6,7,16,19,22,20,17,17,10,8,6,6,6,5,7,11,16,40,39,41,39,38,36,38,39,33,0
2022-04-04 10:00:00,5,4,6,6,11,16,17,18,13,13,5,6,5,6,5,6,6,9,7,27,25,27,26,17,19,24,18,22,0
2022-04-04 11:00:00,26,27,12,8,9,12,18,15,12,10,7,6,5,5,4,5,6,7,9,45,45,50,36,48,45,44,44,40,0
2022-04-04 12:00:00,11,8,13,29,33,35,33,29,30,32,12,8,9,6,6,6,5,8,6,19,21,23,22,18,21,18,17,15,0
2022-04-04 13:00:00,9,7,12,13,12,13,23,20,19,20,9,7,8,6,8,7,8,7,8,32,35,38,36,31,34,31,29,27,7
2022-04-04 14:00:00,7,5,8,14,18,19,24,14,18,18,13,9,6,4,6,6,7,6,7,23,24,29,22,27,21,19,18,17,0
2022-04-04 15:00:00,12,10,13,15,16,18,23,20,17,18,9,6,7,9,6,4,6,6,6,27,31,37,30,23,20,13,12,10,0
2022-04-04 16:00:00,28,28,33,24,34,36,37,28,35,27,15,14,13,18,17,14,13,15,20,36,36,37,28,24,21,17,12,11,0
2022-04-04 17:00:00,45,33,46,38,48,51,49,45,42,41,21,11,6,7,7,8,10,14,11,40,41,42,36,27,22,15,12,9,0
2022-04-04 18:00:00,37,42,45,47,50,51,52,49,43,44,20,14,14,15,15,16,14,20,16,41,40,47,44,33,25,14,9,6,0
2022-04-04 19:00:00,15,0,15,17,17,18,19,18,17,17,12,17,16,13,12,10,9,10,9,43,44,44,36,31,20,14,9,7,0
2022-04-04 20:00:00,14,10,16,13,19,20,22,21,11,11,9,6,8,9,8,8,8,10,12,28,27,30,24,21,16,8,7,3,0
2022-04-04 21:00:00,9,10,4,12,11,5,13,18,17,18,9,7,6,7,7,5,4,6,6,26,28,30,25,20,19,11,10,1,0
2022-04-04 22:00:00,10,12,10,13,13,10,14,10,10,9,8,7,8,10,9,6,4,3,4,28,29,30,27,22,16,8,7,6,0
2022-04-04 23:00:00,2,0,3,3,4,0,5,5,2,6,2,3,1,3,2,2,2,3,2,12,10,16,11,9,8,5,4,2,0
2022-04-05 00:00:00,0,0,0,0,0,0,0,0,0,0,0,0,0,0,0,0,0,0,0,0,0,0,0,0,0,0,0,0,0
2022-04-05 01:00:00,0,0,0,0,0,0,0,0,0,0,0,0,0,0,0,0,0,0,0,0,0,0,0,0,0,0,0,0,0
2022-04-05 02:00:00,0,0,0,0,0,0,0,0,0,0,0,0,0,0,0,0,0,0,0,0,0,0,0,0,0,0,0,0,0
2022-04-05 03:00:00,0,0,0,0,0,0,0,0,0,0,0,0,0,0,0,0,0,0,0,0,0,0,0,0,0,0,0,0,0
2022-04-05 04:00:00,0,0,0,0,0,0,0,0,0,0,0,0,0,0,0,0,0,0,0,0,0,0,0,0,0,0,0,0,0
2022-04-05 05:00:00,1,2,5,7,9,10,13,10,8,8,7,5,5,3,1,2,2,4,3,4,3,2,0,1,1,0,0,0,0
2022-04-05 06:00:00,1,1,6,11,14,17,20,17,13,15,4,4,3,2,2,3,4,5,4,5,3,5,4,2,1,2,2,1,0
2022-04-05 07:00:00,3,4,7,12,23,28,34,31,29,26,10,9,7,9,8,11,8,14,8,12,12,13,11,11,12,9,7,9,0
2022-04-05 08:00:00,5,7,9,15,23,29,36,36,31,38,12,22,20,18,15,10,7,16,20,46,47,50,48,47,46,47,46,39,7
2022-04-05 09:00:00,3,3,7,10,14,20,27,26,23,23,9,10,7,8,7,6,6,10,12,35,33,34,33,28,32,31,19,27,0
2022-04-05 10:00:00,6,6,7,11,12,15,20,17,14,15,9,10,6,5,6,5,5,7,8,34,35,41,37,37,16,34,23,28,0
2022-04-05 11:00:00,11,13,12,14,18,16,21,19,16,17,9,5,6,5,5,6,7,8,13,40,42,34,25,40,39,37,36,29,0
2022-04-05 12:00:00,7,8,13,17,18,20,24,21,17,15,7,7,6,4,5,4,5,6,8,18,21,22,20,16,16,17,17,16,0
2022-04-05 13:00:00,7,7,7,10,10,13,16,15,14,14,8,7,9,6,5,6,6,5,5,21,22,23,22,20,17,12,14,12,0
2022-04-05 14:00:00,16,16,18,20,21,22,23,20,20,21,16,9,8,8,9,11,7,11,13,35,38,47,43,42,42,41,43,40,0
2022-04-05 15:00:00,17,18,19,21,20,15,21,20,20,19,12,6,8,7,9,4,8,10,9,19,20,34,30,17,14,10,7,4,0
2022-04-05 16:00:00,23,24,25,29,24,31,33,25,25,25,14,13,12,17,13,8,10,14,22,40,40,41,33,25,22,11,10,9,0
2022-04-05 17:00:00,38,31,36,42,49,51,45,45,39,31,23,12,12,12,13,10,9,13,9,29,31,39,36,28,21,16,11,9,0
2022-04-05 18:00:00,32,24,37,40,43,45,46,43,42,41,19,18,22,19,18,14,11,13,11,47,47,56,45,35,27,17,13,10,0
2022-04-05 19:00:00,15,5,8,16,17,18,15,17,18,24,13,18,20,17,16,10,10,12,12,49,48,50,36,29,22,14,10,9,0
2022-04-05 20:00:00,10,2,11,13,8,10,9,12,10,8,6,7,8,9,8,7,6,7,9,33,34,31,27,25,19,13,7,1,1
2022-04-05 21:00:00,9,7,14,17,20,7,21,13,18,19,10,12,5,8,7,6,4,5,6,21,20,25,20,18,13,12,5,2,0
2022-04-05 22:00:00,12,13,10,16,16,17,19,18,10,16,11,12,12,9,7,5,4,7,8,22,24,26,20,16,15,10,8,7,0
2022-04-05 23:00:00,2,3,0,4,4,0,6,1,2,3,4,3,3,4,3,1,4,5,4,19,20,19,16,13,10,5,2,1,0
2022-04-06 00:00:00,0,0,0,0,0,0,0,0,0,0,0,0,0,0,0,0,0,0,0,0,0,0,0,0,0,0,0,0,0
2022-04-06 01:00:00,0,0,0,0,0,0,0,0,0,0,0,0,0,0,0,0,0,0,0,0,0,0,0,0,0,0,0,0,0
2022-04-06 02:00:00,0,0,0,0,0,0,0,0,0,0,0,0,0,0,0,0,0,0,0,0,0,0,0,0,0,0,0,0,0
2022-04-06 03:00:00,0,0,0,0,0,0,0,0,0,0,0,0,0,0,0,0,0,0,0,0,0,0,0,0,0,0,0,0,0
2022-04-06 04:00:00,1,0,0,0,0,0,0,0,0,0,0,0,0,0,0,0,0,0,0,0,0,0,0,0,0,0,0,0,0
2022-04-06 05:00:00,2,1,3,6,8,7,11,10,6,7,4,3,2,1,2,2,3,5,5,5,2,2,1,1,0,0,0,0,0
2022-04-06 06:00:00,2,1,9,13,14,15,21,18,14,13,4,2,3,2,2,4,7,6,4,5,5,4,3,2,0,2,2,1,0
2022-04-06 07:00:00,3,4,11,14,23,32,38,35,30,28,10,9,6,5,3,6,7,13,8,13,13,13,14,10,10,9,10,9,0
2022-04-06 08:00:00,4,5,13,16,22,26,42,34,27,31,14,18,15,14,10,8,9,16,17,40,40,45,43,39,42,43,28,35,0
2022-04-06 09:00:00,3,3,6,8,13,18,33,25,21,20,9,9,5,7,7,8,8,9,8,36,25,37,30,36,33,30,26,31,0
2022-04-06 10:00:00,3,2,8,11,16,18,19,17,17,16,14,13,10,6,5,5,6,8,7,20,20,21,19,14,14,15,13,13,0
2022-04-06 11:00:00,14,16,13,19,21,23,26,22,19,19,11,8,5,4,6,5,6,4,8,46,48,43,46,32,41,44,41,33,0
2022-04-06 12:00:00,18,9,19,21,22,24,27,24,21,21,11,9,8,5,6,6,6,8,7,15,14,16,16,12,13,10,25,20,0
2022-04-06 13:00:00,9,8,14,14,13,17,19,15,16,15,8,8,5,6,5,4,4,7,5,18,17,19,18,16,16,18,15,7,0
2022-04-06 14:00:00,18,17,20,20,24,27,26,22,19,21,12,7,10,9,8,7,7,9,9,37,39,41,37,36,36,29,34,25,0
2022-04-06 15:00:00,10,11,14,16,14,18,25,24,20,19,11,10,8,7,9,9,7,8,6,23,25,33,24,20,15,10,21,17,0
2022-04-06 16:00:00,35,39,44,47,46,48,46,45,39,39,14,10,12,14,12,10,10,10,12,34,36,47,41,24,20,13,9,3,0
2022-04-06 17:00:00,35,36,38,40,42,44,44,44,44,42,18,14,13,8,10,8,11,15,14,35,39,46,35,31,24,18,14,11,0
2022-04-06 18:00:00,43,45,48,42,43,43,45,42,40,38,23,14,13,14,17,16,18,27,25,53,52,50,40,39,30,19,9,7,0
2022-04-06 19:00:00,5,6,8,10,13,14,15,14,13,12,8,7,10,10,8,8,7,9,9,47,46,48,40,30,18,11,8,7,0
2022-04-06 20:00:00,4,4,5,7,8,10,11,7,7,7,5,9,8,8,7,7,6,8,7,34,36,40,33,31,23,12,6,4,0
2022-04-06 21:00:00,2,3,4,7,8,3,7,5,6,7,6,5,8,8,8,7,5,6,19,27,24,28,23,14,16,10,4,2,0
2022-04-06 22:00:00,12,0,10,11,13,2,13,12,11,13,7,8,8,5,6,5,6,6,6,26,26,34,26,20,14,8,7,4,0
2022-04-06 23:00:00,2,4,0,4,7,5,2,0,0,6,4,3,5,4,3,2,3,4,2,20,19,18,13,10,9,8,3,2,0
2022-04-07 00:00:00,0,0,0,0,0,0,0,0,0,0,0,0,0,0,0,0,0,0,0,0,0,0,0,0,0,0,0,0,0
2022-04-07 01:00:00,0,0,0,0,0,0,0,0,0,0,0,0,0,0,0,0,0,0,0,0,0,0,0,0,0,0,0,0,0
2022-04-07 02:00:00,0,0,0,0,0,0,0,0,0,0,0,0,0,0,0,0,0,0,0,0,0,0,0,0,0,0,0,0,0
2022-04-07 03:00:00,0,0,0,0,0,0,0,0,0,0,0,0,0,0,0,0,0,0,0,0,0,0,0,0,0,0,0,0,0
2022-04-07 04:00:00,0,0,0,0,0,0,0,0,0,0,0,0,0,0,0,0,0,0,0,0,0,0,0,0,0,0,0,0,0
2022-04-07 05:00:00,1,1,5,9,11,12,13,12,10,11,5,4,4,3,1,2,3,4,2,4,1,2,1,1,1,0,0,0,0
2022-04-07 06:00:00,1,1,5,8,12,15,19,18,14,15,3,3,3,3,2,3,5,6,3,6,7,7,6,4,2,5,4,3,0
2022-04-07 07:00:00,3,5,13,18,24,35,47,44,42,43,13,12,8,5,4,5,12,11,7,23,22,22,22,21,20,16,20,21,0
2022-04-07 08:00:00,2,3,11,16,31,38,40,37,31,36,13,18,15,15,13,12,11,15,15,46,48,48,47,46,39,24,43,39,0
2022-04-07 09:00:00,3,5,7,13,20,26,33,28,19,21,10,13,7,7,6,4,6,8,9,34,34,36,35,32,28,29,20,24,0
2022-04-07 10:00:00,5,6,7,11,13,16,21,18,16,20,10,9,7,5,6,7,13,13,8,37,21,36,18,15,35,34,16,33,0
2022-04-07 11:00:00,25,26,6,6,9,12,17,16,12,15,12,8,7,9,4,6,6,9,12,50,50,51,43,41,50,49,49,46,0
2022-04-07 12:00:00,13,14,15,29,33,34,35,31,30,32,16,11,8,7,8,12,12,11,12,28,29,27,25,22,32,27,21,15,0
2022-04-07 13:00:00,9,6,13,14,16,18,19,20,18,17,11,9,6,5,5,7,8,10,9,22,25,29,28,26,23,21,18,9,0
2022-04-07 14:00:00,18,25,27,31,34,37,38,21,20,20,7,7,8,4,5,4,5,7,6,41,42,46,24,45,44,43,43,40,0
2022-04-07 15:00:00,9,8,19,21,19,20,36,31,26,28,10,12,7,8,8,5,6,10,9,21,24,25,23,21,20,13,14,13,6
2022-04-07 16:00:00,27,9,29,30,32,36,36,35,33,32,14,12,10,11,12,10,10,13,11,32,35,40,33,28,22,16,11,6,0
2022-04-07 17:00:00,30,28,36,37,38,41,40,39,39,39,17,12,15,13,13,13,11,17,16,46,48,46,41,40,31,25,21,19,0
2022-04-07 18:00:00,25,29,30,29,35,36,40,38,34,33,15,16,14,12,11,15,18,18,19,46,49,48,39,33,24,15,11,8,0
2022-04-07 19:00:00,9,5,8,10,12,15,16,14,12,13,10,10,10,9,8,7,7,10,11,35,34,37,27,22,24,12,5,3,0
2022-04-07 20:00:00,11,10,5,17,18,13,19,16,15,10,4,9,10,10,8,9,6,8,7,28,28,33,24,19,12,8,6,2,0
2022-04-07 21:00:00,16,12,13,17,12,15,16,16,15,13,7,10,9,10,11,6,4,6,6,30,30,32,24,22,18,11,6,4,0
2022-04-07 22:00:00,20,21,22,28,29,30,28,25,22,10,15,13,12,14,12,7,7,6,7,28,35,37,34,32,27,18,11,8,0
2022-04-07 23:00:00,2,1,0,3,4,2,1,0,4,2,4,5,3,3,4,3,4,3,2,20,20,17,17,13,9,10,5,2,0
2022-04-08 00:00:00,0,0,0,0,0,0,0,0,0,0,0,0,0,0,0,0,0,0,0,0,0,0,0,0,0,0,0,0,0
2022-04-08 01:00:00,0,0,0,0,0,0,0,0,0,0,0,0,0,0,0,0,0,0,0,0,0,0,0,0,0,0,0,0,0
2022-04-08 02:00:00,0,0,0,0,0,0,0,0,0,0,0,0,0,0,0,0,0,0,0,0,0,0,0,0,0,0,0,0,0
2022-04-08 03:00:00,0,0,0,0,0,0,0,0,0,0,0,0,0,0,0,0,0,0,0,0,0,0,0,0,0,0,0,0,0
2022-04-08 04:00:00,0,0,0,0,0,0,0,0,0,0,0,0,0,0,0,0,0,0,0,0,0,0,0,0,0,0,0,0,0
2022-04-08 05:00:00,1,2,5,6,8,8,11,8,8,7,3,2,2,2,3,2,2,5,3,5,2,3,2,1,0,0,2,0,0
2022-04-08 06:00:00,1,0,8,11,17,20,22,20,13,14,4,8,4,3,3,2,5,8,5,4,4,4,3,2,2,4,2,2,0
2022-04-08 07:00:00,4,5,13,16,19,34,44,42,34,34,10,11,8,7,8,7,6,9,8,11,12,17,12,14,12,13,13,10,0
2022-04-08 08:00:00,4,4,11,20,29,34,41,36,27,28,13,20,17,17,16,10,8,16,10,43,44,44,45,42,41,40,39,34,0
2022-04-08 09:00:00,2,4,8,15,19,23,30,27,18,21,9,12,8,7,8,6,7,9,8,20,19,20,12,19,16,17,13,11,4
2022-04-08 10:00:00,3,4,5,11,15,16,19,17,19,19,11,11,7,8,9,6,7,8,7,20,21,23,22,21,19,13,18,17,0
2022-04-08 11:00:00,14,15,15,16,17,18,20,21,19,18,12,10,5,6,5,5,6,9,4,21,23,26,25,23,14,21,21,16,0
2022-04-08 12:00:00,14,15,18,21,23,26,28,27,27,27,11,8,7,6,5,6,6,11,12,24,25,28,27,20,19,18,15,17,0
2022-04-08 13:00:00,8,6,11,18,20,20,23,17,17,18,14,10,7,5,5,5,7,9,8,23,37,37,24,36,34,33,31,8,0
2022-04-08 14:00:00,8,10,11,16,17,19,20,14,16,17,14,10,7,10,7,11,8,6,6,19,15,26,22,21,19,13,12,12,0
2022-04-08 15:00:00,8,13,13,15,15,14,18,19,18,16,10,9,7,8,6,6,4,6,8,24,24,38,29,26,16,12,7,6,0
2022-04-08 16:00:00,29,11,32,33,36,35,37,25,39,32,13,13,12,10,12,10,10,14,19,36,40,42,33,25,19,11,9,8,0
2022-04-08 17:00:00,27,22,32,35,37,41,45,41,37,36,25,13,14,11,10,12,13,15,12,37,38,45,37,29,26,17,13,8,0
2022-04-08 18:00:00,27,33,41,41,45,48,46,39,37,36,12,10,14,14,9,14,15,22,17,39,40,43,37,28,24,14,10,9,0
2022-04-08 19:00:00,4,8,9,13,8,11,13,13,18,10,10,13,12,10,6,9,7,11,11,42,44,44,36,30,23,15,10,8,0
2022-04-08 20:00:00,4,2,6,7,8,8,9,8,9,9,7,9,10,9,9,8,5,6,9,23,21,33,23,21,19,10,4,3,0
2022-04-08 21:00:00,6,5,4,10,13,11,7,9,8,9,8,7,9,8,3,7,5,7,5,25,26,31,26,24,17,12,6,4,0
2022-04-08 22:00:00,15,13,6,16,17,16,17,18,15,11,9,11,10,8,8,6,4,5,9,40,43,37,28,23,17,9,7,0,0
2022-04-08 23:00:00,2,4,1,8,4,3,9,6,10,5,8,4,2,3,5,4,7,5,1,24,22,24,21,17,14,9,6,5,0
2022-04-09 00:00:00,0,0,0,0,0,0,0,0,0,0,0,0,0,0,0,0,0,0,0,0,0,0,0,0,0,0,0,0,0
2022-04-09 01:00:00,0,0,0,0,0,0,0,0,0,0,0,0,0,0,0,0,0,0,0,0,0,0,0,0,0,0,0,0,0
2022-04-09 02:00:00,0,0,0,0,0,0,0,0,0,0,0,0,0,0,0,0,0,0,0,0,0,0,0,0,0,0,0,0,0
2022-04-09 03:00:00,0,0,0,0,0,0,0,0,0,0,0,0,0,0,0,0,0,0,0,0,0,0,0,0,0,0,0,0,0
2022-04-09 04:00:00,1,0,0,0,0,0,0,0,0,0,0,0,0,0,0,0,0,0,0,0,0,0,0,0,0,0,0,0,0
2022-04-09 05:00:00,1,1,8,9,4,11,12,8,8,7,4,3,0,2,1,1,3,3,2,3,2,2,0,0,1,0,0,0,0
2022-04-09 06:00:00,1,1,3,6,8,6,8,5,7,6,2,2,1,3,2,2,3,4,2,5,4,5,3,4,3,1,2,0,0
2022-04-09 07:00:00,2,3,5,8,10,11,11,12,12,11,6,4,3,3,2,2,3,5,1,5,3,4,5,1,1,4,2,1,0
2022-04-09 08:00:00,3,5,7,10,15,18,23,21,16,16,7,6,6,4,5,5,9,13,9,8,7,7,4,3,6,5,4,3,0
2022-04-09 09:00:00,6,5,11,21,23,32,40,37,24,22,12,12,5,8,6,7,8,9,11,18,16,20,20,11,16,11,10,1,0
2022-04-09 10:00:00,2,5,9,14,18,22,25,30,27,22,11,12,7,6,4,11,10,16,13,24,23,22,21,25,9,21,19,18,0
2022-04-09 11:00:00,7,3,9,17,21,23,32,29,28,30,22,18,7,7,8,11,10,14,11,11,12,17,16,11,9,6,4,3,0
2022-04-09 12:00:00,3,5,8,16,17,23,28,26,25,20,10,10,9,10,6,13,15,14,12,25,28,23,19,17,14,17,15,11,1
2022-04-09 13:00:00,5,6,12,15,18,24,29,28,24,23,12,9,8,6,9,6,7,9,7,19,19,23,18,16,9,7,5,5,0
2022-04-09 14:00:00,4,7,9,12,14,15,21,18,18,19,13,11,10,8,5,11,10,10,7,14,16,17,13,12,8,6,5,3,0
2022-04-09 15:00:00,5,2,10,10,15,18,19,17,19,21,13,11,7,8,7,8,11,11,10,23,23,24,23,21,15,10,7,4,0
2022-04-09 16:00:00,7,9,11,14,16,18,20,17,16,20,16,13,13,14,12,10,14,13,12,25,30,30,23,21,16,8,5,5,0
2022-04-09 17:00:00,8,7,9,8,11,14,17,16,16,17,8,12,9,8,8,5,7,15,13,31,31,37,34,31,23,19,15,5,0
2022-04-09 18:00:00,16,17,18,20,10,21,12,20,11,13,11,10,10,11,7,9,11,16,15,40,39,47,39,32,20,10,4,2,0
2022-04-09 19:00:00,3,5,4,8,8,10,11,10,9,10,7,10,10,7,8,5,4,7,8,24,26,32,21,15,14,7,6,3,0
2022-04-09 20:00:00,2,2,1,4,3,6,9,8,6,7,7,9,9,7,6,5,8,8,7,23,22,25,22,17,14,8,7,4,0
2022-04-09 21:00:00,0,0,1,2,5,4,5,6,4,5,4,6,7,6,8,6,6,9,7,28,29,28,21,20,17,11,5,2,1
2022-04-09 22:00:00,4,4,3,5,3,1,2,2,5,3,3,4,4,5,4,4,3,4,5,19,19,28,24,22,19,9,9,6,0
2022-04-09 23:00:00,0,0,0,3,0,0,0,0,0,1,2,3,4,6,2,3,3,3,4,23,23,21,17,16,13,8,6,5,0
2022-04-10 00:00:00,0,0,0,0,0,0,0,0,0,0,0,0,0,0,0,0,0,0,0,0,0,0,0,0,0,0,0,0,0
2022-04-10 01:00:00,0,0,0,0,0,0,0,0,0,0,0,0,0,0,0,0,0,0,0,0,0,0,0,0,0,0,0,0,0
2022-04-10 02:00:00,0,0,0,0,0,0,0,0,0,0,0,0,0,0,0,0,0,0,0,0,0,0,0,0,0,0,0,0,0
2022-04-10 03:00:00,0,0,0,0,0,0,0,0,0,0,0,0,0,0,0,0,0,0,0,0,0,0,0,0,0,0,0,0,0
2022-04-10 04:00:00,1,0,0,0,0,0,0,0,0,0,0,0,0,0,0,0,0,0,0,0,0,0,0,0,0,0,0,0,0
2022-04-10 05:00:00,2,0,3,4,2,3,5,4,5,5,4,1,1,1,0,2,1,2,3,2,0,1,1,0,0,0,0,0,0
2022-04-10 06:00:00,2,1,3,4,5,6,7,6,7,8,6,3,2,1,0,2,3,1,2,3,4,6,5,2,1,0,0,0,0
2022-04-10 07:00:00,0,2,3,3,4,6,6,4,5,6,3,2,2,1,1,3,1,5,4,6,4,4,1,0,2,2,3,1,0
2022-04-10 08:00:00,2,3,5,10,15,16,13,15,11,11,5,5,4,4,2,7,9,12,4,8,2,11,5,9,7,6,4,3,0
2022-04-10 09:00:00,2,4,5,7,13,17,18,15,15,15,9,8,5,5,4,6,8,8,6,5,4,5,4,6,1,5,3,3,0
2022-04-10 10:00:00,2,4,8,14,16,20,23,26,21,19,9,6,7,9,8,4,6,9,9,15,15,16,14,14,13,12,8,6,0
2022-04-10 11:00:00,4,5,10,14,13,18,22,18,26,26,14,11,6,4,5,3,8,14,12,20,21,22,21,21,19,13,12,8,0
2022-04-10 12:00:00,4,11,16,19,21,24,25,23,18,22,12,8,8,6,6,5,5,7,6,13,12,15,12,13,11,10,6,3,0
2022-04-10 13:00:00,2,5,8,9,12,14,20,16,16,15,8,6,7,6,6,6,8,12,8,14,12,20,16,14,11,9,8,8,0
2022-04-10 14:00:00,3,1,7,11,14,15,18,18,16,18,14,13,8,7,5,3,3,8,7,13,14,19,17,9,14,11,5,3,0
2022-04-10 15:00:00,4,4,9,13,14,14,19,16,14,16,10,8,7,7,4,5,7,8,7,15,15,20,17,17,12,6,4,3,0
2022-04-10 16:00:00,28,29,35,38,39,40,14,35,27,26,13,12,9,9,9,8,7,11,26,23,28,31,26,18,14,9,7,4,0
2022-04-10 17:00:00,5,7,9,12,13,16,17,17,18,15,7,9,7,9,9,9,8,10,6,23,26,32,31,29,22,10,7,8,0
2022-04-10 18:00:00,1,1,6,8,11,8,10,9,10,11,9,8,9,9,8,8,10,12,11,20,23,22,18,18,12,9,5,1,0
2022-04-10 19:00:00,1,1,2,6,5,5,6,4,5,7,4,5,6,6,6,5,3,4,5,25,21,27,25,19,14,9,5,3,0
2022-04-10 20:00:00,2,12,1,13,5,15,16,15,14,3,4,6,8,4,3,3,3,5,3,16,17,19,17,16,12,9,5,3,0
2022-04-10 21:00:00,2,10,11,4,5,11,10,5,5,6,5,10,2,5,9,6,5,5,5,21,24,26,24,20,15,11,6,3,0
2022-04-10 22:00:00,4,2,5,3,4,2,6,7,4,5,4,4,3,6,0,6,5,4,3,18,16,22,19,14,17,7,2,0,0
2022-04-10 23:00:00,0,0,2,1,1,0,1,0,0,3,3,4,4,3,1,3,4,4,6,18,19,21,16,15,15,12,7,4,0
2022-04-11 00:00:00,0,0,0,0,0,0,0,0,0,0,0,0,0,0,0,0,0,0,0,0,0,0,0,0,0,0,0,0,0
2022-04-11 01:00:00,0,0,0,0,0,0,0,0,0,0,0,0,0,0,0,0,0,0,0,0,0,0,0,0,0,0,0,0,0
2022-04-11 02:00:00,0,0,0,0,0,0,0,0,0,0,0,0,0,0,0,0,0,0,0,0,0,0,0,0,0,0,0,0,0
2022-04-11 03:00:00,0,0,0,0,0,0,0,0,0,0,0,0,0,0,0,0,0,0,0,0,0,0,0,0,0,0,0,0,0
2022-04-11 04:00:00,0,0,0,0,0,0,0,0,0,0,0,0,0,0,0,0,0,0,0,0,0,0,0,0,0,0,0,0,0
2022-04-11 05:00:00,3,1,4,4,5,7,9,6,9,10,4,2,3,2,2,2,1,3,2,3,2,2,1,0,0,1,0,0,0
2022-04-11 06:00:00,2,2,5,9,13,24,31,27,19,20,5,4,3,3,4,4,6,7,6,11,10,3,2,1,2,3,0,1,0
2022-04-11 07:00:00,4,5,12,14,16,22,32,31,29,31,10,11,7,4,5,6,9,14,8,16,13,23,22,11,19,17,17,15,0
2022-04-11 08:00:00,3,4,10,17,22,28,33,29,29,35,19,27,22,20,20,13,14,27,24,38,37,38,35,36,34,33,27,29,0
2022-04-11 09:00:00,3,6,8,10,15,20,23,23,19,21,9,11,6,9,10,8,11,18,17,43,43,43,43,33,43,41,40,39,0
2022-04-11 10:00:00,5,6,6,12,13,13,19,18,15,17,10,9,6,5,8,8,7,10,8,28,34,38,37,28,36,22,22,27,0
2022-04-11 11:00:00,16,17,18,21,23,13,16,13,12,12,7,7,5,5,4,6,6,11,11,45,44,44,42,39,38,40,39,33,0
2022-04-11 12:00:00,9,6,10,11,22,17,25,23,22,21,8,7,7,8,6,5,4,7,7,21,21,23,21,19,17,17,16,15,0
2022-04-11 13:00:00,7,9,11,13,15,19,22,21,18,17,11,10,6,6,7,6,8,9,8,26,27,31,28,28,26,25,23,21,0
2022-04-11 14:00:00,11,12,14,17,18,19,15,15,13,12,10,9,8,8,9,6,7,8,9,36,37,31,34,33,30,29,20,28,0
2022-04-11 15:00:00,13,16,18,18,14,15,19,17,17,14,16,14,9,10,8,7,5,8,10,35,39,43,35,26,21,14,13,12,0
2022-04-11 16:00:00,25,28,30,24,32,36,33,32,34,33,15,13,12,16,14,13,10,9,9,28,36,41,32,31,24,16,12,9,0
2022-04-11 17:00:00,25,25,26,34,36,34,37,38,28,26,14,13,11,10,10,11,9,12,11,33,36,40,35,33,23,16,11,10,0
2022-04-11 18:00:00,34,38,39,41,42,44,43,36,36,33,11,14,14,14,15,15,17,25,20,45,48,48,38,29,24,15,13,11,0
2022-04-11 19:00:00,17,12,10,19,18,19,20,20,23,22,16,16,14,17,17,16,12,12,11,43,45,47,35,28,21,14,8,7,0
2022-04-11 20:00:00,11,11,7,15,18,10,10,16,14,12,5,6,8,8,9,9,7,10,9,26,35,40,33,24,22,15,8,6,0
2022-04-11 21:00:00,8,8,5,9,10,11,12,6,11,13,6,7,3,5,6,5,8,5,7,28,30,32,25,21,17,9,7,5,0
2022-04-11 22:00:00,17,22,25,17,20,14,24,20,19,23,12,11,10,10,10,5,4,4,4,25,26,24,18,16,14,8,5,4,0
2022-04-11 23:00:00,1,0,4,3,4,5,2,3,2,3,5,4,3,2,2,1,4,3,4,16,17,21,18,15,10,10,5,4,0
2022-04-12 00:00:00,0,0,0,0,0,0,0,0,0,0,0,0,0,0,0,0,0,0,0,0,0,0,0,0,0,0,0,0,0
2022-04-12 01:00:00,0,0,0,0,0,0,0,0,0,0,0,0,0,0,0,0,0,0,0,0,0,0,0,0,0,0,0,0,0
2022-04-12 02:00:00,0,0,0,0,0,0,0,0,0,0,0,0,0,0,0,0,0,0,0,0,0,0,0,0,0,0,0,0,0
2022-04-12 03:00:00,0,0,0,0,0,0,0,0,0,0,0,0,0,0,0,0,0,0,0,0,0,0,0,0,0,0,0,0,0
2022-04-12 04:00:00,0,0,0,0,0,0,0,0,0,0,0,0,0,0,0,0,0,0,0,0,0,0,0,0,0,0,0,0,0
2022-04-12 05:00:00,1,1,5,6,6,8,10,5,8,8,3,1,2,1,2,4,3,7,7,6,2,5,4,3,1,1,0,0,0
2022-04-12 06:00:00,2,3,7,6,10,14,22,16,14,11,5,5,4,2,4,4,5,3,2,5,4,5,2,4,3,4,1,0,0
2022-04-12 07:00:00,4,6,10,15,25,38,43,40,33,31,9,9,7,8,5,9,8,13,11,14,12,18,19,18,17,16,15,9,0
2022-04-12 08:00:00,3,4,7,11,20,27,37,36,32,36,13,16,12,9,10,8,11,21,27,48,52,54,48,52,51,48,46,46,0
2022-04-12 09:00:00,3,5,8,11,12,20,29,27,17,18,9,15,10,9,6,6,7,11,9,33,34,33,27,32,31,33,23,32,0
2022-04-12 10:00:00,5,4,5,9,11,13,17,15,13,12,8,6,5,5,6,6,10,12,9,40,39,40,30,39,39,37,35,33,0
2022-04-12 11:00:00,18,7,10,10,14,16,17,15,13,14,7,5,5,4,5,4,7,9,10,40,37,40,39,38,26,35,33,27,0
2022-04-12 12:00:00,13,14,19,22,25,26,27,26,25,26,10,10,9,6,5,5,7,6,7,16,17,22,21,20,17,19,14,5,0
2022-04-12 13:00:00,12,13,16,10,17,14,20,14,17,19,9,9,7,6,2,5,5,8,8,20,18,25,21,17,18,17,18,19,0
2022-04-12 14:00:00,17,21,14,17,19,18,16,15,16,12,7,6,5,6,5,4,3,6,5,28,29,37,36,33,17,30,29,22,4
2022-04-12 15:00:00,14,20,23,26,24,28,30,27,23,19,10,8,7,6,6,7,4,7,8,25,27,37,31,21,16,10,8,5,0
2022-04-12 16:00:00,39,10,40,36,40,42,41,39,39,41,15,10,13,14,15,11,9,9,10,37,36,46,35,27,21,15,13,12,0
2022-04-12 17:00:00,36,41,39,40,43,39,44,42,43,41,16,9,12,11,14,15,14,14,18,44,42,44,37,36,29,19,19,16,0
2022-04-12 18:00:00,41,46,48,37,52,53,51,45,40,37,18,13,12,12,12,16,19,31,24,48,46,52,45,34,30,16,11,9,0
2022-04-12 19:00:00,10,8,12,14,15,14,15,14,13,15,10,12,13,13,11,10,11,14,13,51,49,48,44,33,24,15,10,7,0
2022-04-12 20:00:00,6,6,7,10,10,11,11,12,11,11,11,9,9,10,10,9,5,10,9,31,29,33,29,28,20,9,7,4,0
2022-04-12 21:00:00,5,8,6,9,9,10,9,12,10,9,8,11,13,6,13,9,6,5,5,28,28,35,27,23,17,13,9,7,0
2022-04-12 22:00:00,18,19,16,20,19,2,19,8,12,8,10,9,9,8,6,6,8,10,8,36,39,37,28,20,18,12,8,7,0
2022-04-12 23:00:00,4,1,5,7,0,4,9,8,7,5,7,6,6,4,5,3,2,3,1,16,11,18,15,14,12,5,3,1,0
2022-04-13 00:00:00,0,0,0,0,0,0,0,0,0,0,0,0,0,0,0,0,0,0,0,0,0,0,0,0,0,0,0,0,0
2022-04-13 01:00:00,0,0,0,0,0,0,0,0,0,0,0,0,0,0,0,0,0,0,0,0,0,0,0,0,0,0,0,0,0
2022-04-13 02:00:00,0,0,0,0,0,0,0,0,0,0,0,0,0,0,0,0,0,0,0,0,0,0,0,0,0,0,0,0,0
2022-04-13 03:00:00,0,0,0,0,0,0,0,0,0,0,0,0,0,0,0,0,0,0,0,0,0,0,0,0,0,0,0,0,0
2022-04-13 04:00:00,1,0,0,0,0,0,0,0,0,0,0,0,0,0,0,0,0,0,0,0,0,0,0,0,0,0,0,0,0
2022-04-13 05:00:00,2,2,3,4,6,7,10,6,9,10,3,3,1,1,0,1,3,4,4,4,4,3,2,0,0,1,0,0,0
2022-04-13 06:00:00,2,0,7,8,10,15,18,16,14,17,5,4,3,3,2,7,8,9,8,7,6,6,5,3,0,1,4,3,0
2022-04-13 07:00:00,3,4,12,18,25,36,45,43,35,28,9,10,7,6,5,6,8,15,13,12,13,15,11,11,9,10,10,4,0
2022-04-13 08:00:00,3,5,8,16,24,27,37,35,33,35,16,19,20,19,16,12,9,15,14,38,38,44,31,38,41,42,42,39,0
2022-04-13 09:00:00,3,5,6,11,17,18,24,22,19,18,10,9,6,5,6,5,6,12,11,39,40,41,39,38,29,38,38,33,0
2022-04-13 10:00:00,22,5,24,25,12,28,30,18,16,16,10,9,7,6,5,5,8,11,6,23,21,22,19,20,16,23,22,21,0
2022-04-13 11:00:00,11,13,14,15,18,19,18,19,21,15,17,10,6,6,4,4,6,10,9,43,41,39,41,40,19,38,38,33,22
2022-04-13 12:00:00,14,3,14,13,12,15,19,20,17,19,8,6,7,8,10,6,6,10,10,22,20,23,28,25,24,21,16,12,0
2022-04-13 13:00:00,8,8,11,14,15,15,17,16,14,13,7,4,5,6,8,6,8,7,8,18,17,22,20,17,15,13,17,15,0
2022-04-13 14:00:00,20,16,18,21,18,23,25,21,18,19,14,13,9,6,6,4,6,8,12,45,46,45,39,34,32,34,28,27,0
2022-04-13 15:00:00,11,23,14,25,16,28,29,26,26,18,11,10,8,8,7,6,6,10,8,15,17,24,20,18,16,14,10,9,0
2022-04-13 16:00:00,37,24,28,32,33,34,35,32,27,25,11,11,11,13,15,12,10,11,8,41,41,40,34,26,21,13,8,3,0
2022-04-13 17:00:00,39,38,41,45,47,51,43,47,45,42,26,16,17,21,16,12,12,17,14,44,45,46,40,32,27,17,14,11,0
2022-04-13 18:00:00,41,30,47,35,46,49,48,43,42,40,27,20,20,15,14,14,20,28,16,49,50,52,45,41,29,18,13,12,0
2022-04-13 19:00:00,8,5,9,11,10,13,11,12,12,12,10,10,10,13,12,10,9,14,16,48,49,53,39,31,23,12,8,4,0
2022-04-13 20:00:00,8,3,8,10,4,9,11,8,9,7,8,11,10,9,8,10,7,9,7,41,44,43,28,22,20,11,5,3,0
2022-04-13 21:00:00,5,8,3,9,11,11,12,10,11,9,7,7,7,6,8,7,8,9,8,29,31,40,31,29,27,16,11,10,0
2022-04-13 22:00:00,17,19,24,27,29,30,28,26,24,22,10,10,9,6,6,6,5,6,3,28,31,31,26,19,18,9,4,3,0
2022-04-13 23:00:00,4,7,8,8,3,9,7,8,8,7,4,4,5,4,3,3,5,6,5,23,24,24,19,15,14,9,5,4,0
2022-04-14 00:00:00,0,0,0,0,0,0,0,0,0,0,0,0,0,0,0,0,0,0,0,0,0,0,0,0,0,0,0,0,0
2022-04-14 01:00:00,0,0,0,0,0,0,0,0,0,0,0,0,0,0,0,0,0,0,0,0,0,0,0,0,0,0,0,0,0
2022-04-14 02:00:00,0,0,0,0,0,0,0,0,0,0,0,0,0,0,0,0,0,0,0,0,0,0,0,0,0,0,0,0,0
2022-04-14 03:00:00,0,0,0,0,0,0,0,0,0,0,0,0,0,0,0,0,0,0,0,0,0,0,0,0,0,0,0,0,0
2022-04-14 04:00:00,0,0,0,0,0,0,0,0,0,0,0,0,0,0,0,0,0,0,0,0,0,0,0,0,0,0,0,0,0
2022-04-14 05:00:00,1,1,4,5,6,8,9,5,5,6,3,2,1,1,0,4,4,6,6,7,5,5,4,2,1,0,0,0,0
2022-04-14 06:00:00,2,2,5,10,13,15,25,24,11,9,6,4,3,2,2,4,7,8,10,8,9,11,2,0,3,1,2,0,0
2022-04-14 07:00:00,2,4,12,18,32,42,49,44,40,40,13,14,8,4,6,6,7,11,8,20,20,30,29,19,30,29,10,28,8
2022-04-14 08:00:00,5,6,9,21,27,37,45,39,36,38,13,20,16,16,13,8,15,28,27,42,42,51,39,47,36,38,42,40,0
2022-04-14 09:00:00,1,3,6,12,14,19,27,24,23,23,9,7,5,5,6,6,5,10,9,28,28,27,24,23,22,22,20,20,0
2022-04-14 10:00:00,5,3,7,8,8,19,23,20,19,20,11,8,7,6,6,7,7,17,7,36,20,35,28,27,26,17,33,31,0
2022-04-14 11:00:00,12,12,13,15,16,17,24,22,21,21,11,10,7,7,7,6,6,12,17,42,42,45,44,41,35,45,46,44,0
2022-04-14 12:00:00,9,11,15,17,20,21,25,17,24,26,10,6,6,4,6,7,7,10,14,20,22,26,24,23,20,29,27,24,0
2022-04-14 13:00:00,12,14,15,18,19,22,23,18,17,16,10,7,6,8,6,5,4,9,5,17,18,24,19,17,15,13,11,7,10
2022-04-14 14:00:00,21,22,23,19,20,22,25,26,19,11,10,7,8,7,8,7,8,10,10,37,37,38,34,28,27,33,34,33,0
2022-04-14 15:00:00,14,13,19,27,26,21,25,20,18,17,10,10,7,6,5,5,6,7,7,25,31,39,31,21,13,11,7,5,0
2022-04-14 16:00:00,35,19,28,31,33,34,33,31,28,28,11,12,12,13,12,10,10,11,12,29,26,35,28,24,20,14,8,7,0
2022-04-14 17:00:00,32,34,43,47,48,49,50,46,41,40,17,11,12,11,9,10,10,13,26,48,49,51,42,39,29,24,19,16,0
2022-04-14 18:00:00,34,35,40,42,47,24,49,47,41,40,16,14,20,21,13,16,19,24,20,44,45,53,46,36,26,18,13,18,0
2022-04-14 19:00:00,17,18,18,13,16,10,13,10,13,14,8,11,12,12,11,9,6,12,10,41,42,47,38,33,23,15,10,6,0
2022-04-14 20:00:00,11,12,16,17,19,10,18,8,17,16,8,6,8,8,7,7,6,7,7,29,30,34,31,23,19,12,9,6,0
2022-04-14 21:00:00,14,7,13,12,13,9,14,11,11,9,5,6,4,8,7,9,5,7,7,24,23,29,26,19,12,7,4,3,0
2022-04-14 22:00:00,17,21,23,24,26,25,25,24,24,22,13,9,9,11,10,8,6,5,5,31,31,36,32,23,16,14,7,4,0
2022-04-14 23:00:00,2,1,3,1,2,3,1,2,3,3,3,4,0,5,5,4,4,4,3,15,16,20,16,12,11,5,4,2,0
2022-04-15 00:00:00,0,0,0,0,0,0,0,0,0,0,0,0,0,0,0,0,0,0,0,0,0,0,0,0,0,0,0,0,0
2022-04-15 01:00:00,0,0,0,0,0,0,0,0,0,0,0,0,0,0,0,0,0,0,0,0,0,0,0,0,0,0,0,0,0
2022-04-15 02:00:00,0,0,0,0,0,0,0,0,0,0,0,0,0,0,0,0,0,0,0,0,0,0,0,0,0,0,0,0,0
2022-04-15 03:00:00,0,0,0,0,0,0,0,0,0,0,0,0,0,0,0,0,0,0,0,0,0,0,0,0,0,0,0,0,0
2022-04-15 04:00:00,0,0,0,0,0,0,0,0,0,0,0,0,0,0,0,0,0,0,0,0,0,0,0,0,0,0,0,0,0
2022-04-15 05:00:00,2,0,3,5,7,8,11,8,7,4,3,2,2,1,1,2,3,5,5,5,5,4,3,2,1,0,1,0,0
2022-04-15 06:00:00,2,2,9,12,11,14,21,20,12,13,4,4,2,3,4,3,5,7,6,7,5,5,3,2,1,2,4,4,0
2022-04-15 07:00:00,4,6,12,14,21,29,35,31,32,31,9,9,6,7,6,5,8,10,9,15,12,14,9,11,12,5,11,4,0
2022-04-15 08:00:00,3,5,10,12,21,29,36,35,41,43,15,21,24,25,22,12,10,16,15,43,42,44,43,38,36,35,35,32,0
2022-04-15 09:00:00,2,4,7,11,15,20,23,21,19,19,8,10,7,5,6,6,8,9,7,38,38,38,39,38,22,35,22,19,0
2022-04-15 10:00:00,12,14,17,22,11,29,31,26,24,22,14,10,7,8,9,11,12,15,12,24,24,29,28,24,22,19,19,13,0
2022-04-15 11:00:00,5,5,10,12,14,17,21,16,15,16,12,12,8,8,5,9,6,12,12,14,13,21,18,17,14,13,12,11,0
2022-04-15 12:00:00,7,8,10,11,15,18,21,21,18,15,14,9,7,8,9,7,8,9,9,19,17,23,22,16,14,12,12,8,0
2022-04-15 13:00:00,8,10,13,14,18,20,22,20,18,19,9,8,9,8,5,6,7,8,7,23,27,27,27,25,17,17,24,23,0
2022-04-15 14:00:00,10,11,11,16,17,13,19,17,16,19,12,9,21,11,7,7,6,8,6,21,20,28,24,21,19,16,11,9,0
2022-04-15 15:00:00,7,7,14,17,18,20,23,21,19,17,12,13,8,9,10,10,7,7,7,19,20,24,15,13,12,9,8,7,0
2022-04-15 16:00:00,25,14,32,35,37,38,39,31,24,20,13,13,16,14,14,10,7,10,11,38,39,45,38,29,20,15,9,6,0
2022-04-15 17:00:00,31,25,37,40,41,45,45,44,47,31,23,20,12,15,14,13,13,11,10,32,34,35,32,28,25,18,10,7,0
2022-04-15 18:00:00,23,15,27,31,34,37,40,37,32,28,13,15,17,19,14,20,21,24,17,46,46,45,40,35,27,15,9,8,0
2022-04-15 19:00:00,5,6,8,6,12,13,14,13,10,11,12,16,16,14,11,11,8,9,8,38,36,42,33,29,25,13,5,4,0
2022-04-15 20:00:00,3,0,4,4,6,6,8,6,7,8,7,8,7,8,6,7,5,18,20,28,23,25,23,21,20,10,4,3,0
2022-04-15 21:00:00,2,6,4,7,8,13,7,12,8,7,7,7,5,4,5,6,4,5,5,22,22,23,16,13,10,8,5,4,0
2022-04-15 22:00:00,13,14,15,20,27,22,28,27,26,25,10,7,7,8,8,6,6,7,7,25,26,30,28,25,18,11,6,3,0
2022-04-15 23:00:00,1,3,1,1,2,4,1,3,1,4,4,5,2,8,5,6,5,7,8,33,24,33,23,21,17,9,3,2,0
2022-04-16 00:00:00,0,0,0,0,0,0,0,0,0,0,0,0,0,0,0,0,0,0,0,0,0,0,0,0,0,0,0,0,0
2022-04-16 01:00:00,0,0,0,0,0,0,0,0,0,0,0,0,0,0,0,0,0,0,0,0,0,0,0,0,0,0,0,0,0
2022-04-16 02:00:00,0,0,0,0,0,0,0,0,0,0,0,0,0,0,0,0,0,0,0,0,0,0,0,0,0,0,0,0,0
2022-04-16 03:00:00,0,0,0,0,0,0,0,0,0,0,0,0,0,0,0,0,0,0,0,0,0,0,0,0,0,0,0,0,0
